match_id,match_date,event_id,x,y,distance,angle_deg,body_part,is_header,is_goal
3893834,2023-08-03,9a35ce53-19e6-44be-963a-dda375ef0968,115.6,23.1,17.46339027795004,6.9450948730308735,Right Foot,0,0
3893834,2023-08-03,92a6fe68-40b8-4696-8226-1892043cea46,113.6,54.5,15.849605673328282,12.280448122646538,Right Foot,0,0
3893834,2023-08-03,4737127d-e1d2-4b98-899f-cb4627a69ca4,107.8,33.7,13.73062270984095,29.49678553618123,Head,1,0
3893834,2023-08-03,a90b5e19-48d4-4497-8be2-d7fe2ff1bcbd,111.0,39.3,9.027181176868003,47.710867387942514,Head,1,0
3893834,2023-08-03,e172a198-3428-422c-8dbc-fb0a619cd821,96.7,45.2,23.87320673893643,18.59832376796891,Right Foot,0,0
3893834,2023-08-03,aa0e9340-32f8-4fb9-b9d3-c6e1077b80a3,96.7,43.4,23.546761985462034,19.094771144396002,Right Foot,0,0
3893834,2023-08-03,c2cf21cf-d605-44c5-90b9-b0ff9cc20de6,108.9,36.3,11.700427342623,36.296958948160544,Head,1,0
3893834,2023-08-03,0208d2ff-9b72-4893-a861-0eafe0ff8175,94.8,40.4,25.203174403237387,18.034285567129857,Right Foot,0,0
3893834,2023-08-03,c9b55481-ca7f-4d60-baa5-8c5c5233bca2,116.6,41.2,3.605551275463996,96.29394818895098,Right Foot,0,1
3893834,2023-08-03,fee070c8-189d-4db1-bf21-de5ca1cdf4a0,109.7,35.8,11.123398761170074,37.41147584535101,Head,1,0
3893834,2023-08-03,f0c0e9d6-6532-4818-8877-974d1fb5288a,113.8,51.6,13.152946437965909,17.5325543859437,Right Foot,0,0
3893834,2023-08-03,289c91cb-28eb-42bf-addc-cf76d180ab72,103.2,46.8,18.124017214734703,23.272904064081988,Right Foot,0,0
3893834,2023-08-03,fb3ffa54-259e-4390-afc6-a6564925b8dc,107.4,61.0,24.48999795835026,9.796868159901086,Right Foot,0,0
3893834,2023-08-03,f6c6234d-d5e9-4836-af13-efc1e84a0867,106.7,41.0,13.337541002748592,33.314373638946826,Head,1,0
3893834,2023-08-03,d207b149-6e83-4d94-8d55-d4e43b470bc9,116.8,51.3,11.744360348695025,11.857393784583296,Right Foot,0,0
3893834,2023-08-03,7803157c-c4a1-46df-b471-2bcccf8141bb,111.3,19.6,22.177691493931462,8.321337502187033,Left Foot,0,0
3893834,2023-08-03,49093270-c22d-4c54-a1c7-1fd6568f101b,93.8,36.0,26.50358466321113,16.979710844586112,Right Foot,0,0
3893808,2023-07-27,d2a5e31f-d7c5-487f-bf59-4a461464c7f8,109.4,47.0,12.702755606560329,30.258397736328703,Right Foot,0,0
3893808,2023-07-27,4ef58481-8db5-4228-a601-b2982637ca1d,94.6,26.1,28.95461966595314,13.879252493162262,Left Foot,0,0
3893808,2023-07-27,d09e5698-33a9-4b77-9df6-990fed72cf39,103.7,46.9,17.70028248362155,23.68293839507125,Right Foot,0,1
3893808,2023-07-27,b8923a05-d274-4942-94e7-30e2075d67a7,92.5,43.7,27.747792705006287,16.267266531226223,Left Foot,0,0
3893808,2023-07-27,0c2d42a5-d52f-47d6-9c92-612f3f365f9f,112.6,34.5,9.220086767487608,40.62453365387535,Head,1,0
3893808,2023-07-27,e5ee3abc-31b5-4a2d-908f-01be09391f11,112.1,37.2,8.381527307120109,49.35766788482552,Head,1,0
3893808,2023-07-27,f32245da-9e84-494e-b3aa-3a0b6783e844,93.8,33.1,27.093357119412133,16.272613421676375,Right Foot,0,0
3893808,2023-07-27,1ba8e883-7174-4134-a41e-ec7f05bc3245,109.5,47.7,13.020752666416794,28.68257120023353,Right Foot,0,0
3893808,2023-07-27,0477402d-7748-48c1-bac7-153c28776033,113.0,29.2,12.870120434556936,20.517431684383872,Head,1,0
3893808,2023-07-27,5a9f8dc2-3930-41b1-b944-48dc131acc29,114.7,32.4,9.2655275079188,31.258380149568104,Head,1,0
3893808,2023-07-27,924c1533-a07a-4edc-950a-0eb67f7ac706,95.3,25.9,28.441167345944155,13.993729095822092,Right Foot,0,0
3893808,2023-07-27,91322304-6c97-4963-8b1d-6752236e8131,114.4,44.0,6.881860213634097,55.007979801441365,Head,1,1
3893808,2023-07-27,4f1481d9-294d-4d41-b8dc-0c181a5503dc,115.5,26.4,14.325152704247172,10.77260885575098,Left Foot,0,0
3893808,2023-07-27,32d336bf-4b04-4efc-b9ac-02d3263428c5,108.4,35.0,12.631706139710497,32.879419997055464,Right Foot,0,0
3893808,2023-07-27,58c3fe68-cf1d-4f98-97d8-85030a665ae9,113.4,41.3,6.726812023536849,61.014543561671196,Head,1,0
3893808,2023-07-27,50f05818-0f39-43ba-9bde-dd11a7bc736f,97.3,31.1,24.38237068047322,17.427870985731204,Right Foot,0,0
3893808,2023-07-27,f4ecab2f-633f-4738-ab27-29e0ec848816,92.7,43.8,27.563200104487137,16.365137692258187,Right Foot,0,0
3893808,2023-07-27,432bd519-522b-4463-b7f8-eea3df73b85c,109.3,26.2,17.462244987400677,16.502740932436154,Left Foot,0,0
3893808,2023-07-27,37ddfe9c-2a3d-4e38-bed0-51fb9d42ee6c,104.5,48.4,17.62980430974774,22.81210327216323,Left Foot,0,0
3893808,2023-07-27,705f45e8-7885-496d-aa96-1b0445a851e1,110.3,43.6,10.346496991735902,40.44025701974061,Head,1,0
3893808,2023-07-27,e54b20a6-d3bd-4fd7-8d0d-1c1e348a2194,111.8,35.1,9.552486587271401,41.080641859735294,Head,1,0
3893808,2023-07-27,318947d7-e184-4b93-b459-84cf3127b501,102.1,62.1,28.439760899135567,10.238438144266855,Left Foot,0,0
3893808,2023-07-27,4a31f8d5-c164-4c1a-8a37-67d7f6d3c08a,93.5,44.2,26.830765922723863,16.761430536868566,Right Foot,0,0
3893818,2023-07-30,0222ecf6-f119-44fa-ac15-7bc6e301d078,114.3,36.6,6.637017402418048,58.403014600092796,Head,1,0
3893818,2023-07-30,98f60b0d-870c-4d93-a42c-49706a5f5ca2,109.3,34.8,11.896638180595394,34.29041754781054,Head,1,0
3893818,2023-07-30,ba47a849-d531-4676-ab57-32d47765885f,104.1,28.0,19.920090361240838,18.470599886597082,Right Foot,0,0
3893818,2023-07-30,1ecfca93-4646-4bf6-ae11-132f659f6dee,89.3,43.7,30.92216033850158,14.640024061382073,Right Foot,0,0
3893818,2023-07-30,0baaa862-02b5-4283-a331-d3589b1dad61,89.8,41.6,30.242354405700627,15.0488215213845,Right Foot,0,0
3893818,2023-07-30,e465aa7c-4449-49bf-b8d8-3a070f38ab63,97.4,41.5,22.64972406012929,19.990140869486964,Right Foot,0,0
3893818,2023-07-30,dc74f72a-9567-4513-ba33-56237fcdf8c3,112.6,47.6,10.6075444849409,31.522637352193314,Right Foot,0,0
3893818,2023-07-30,4e71b3ab-7b66-4ff2-981a-f7665c4d81c2,83.6,33.5,36.975802898652525,12.16183673248244,Right Foot,0,0
3893818,2023-07-30,d65d5084-6410-4950-9d8c-b3dc4e55860f,104.6,43.5,15.792719841749875,27.826282928526187,Head,1,0
3893818,2023-07-30,376ec334-1859-4e63-b3f7-191db227bbbe,102.2,21.4,25.744902408049636,12.416205601555834,Left Foot,0,0
3893818,2023-07-30,d89c4ca7-95e8-46a5-8364-c6144585e8e4,96.5,41.0,23.521266972678152,19.286483344254698,Left Foot,0,0
3893818,2023-07-30,de1f9a97-db72-4927-9ac7-cfec0fad502b,109.9,28.1,15.608331108738046,19.543722241122975,Right Foot,0,1
3893818,2023-07-30,52b31e35-e0e2-4b46-b67a-3ea744a40c33,100.5,49.6,21.73499482401595,18.870322703270194,Left Foot,0,0
3893818,2023-07-30,0e04909c-0722-4f6a-b06e-b0142753e606,100.0,47.3,21.290608258102914,20.097063178632617,Left Foot,0,0
3893818,2023-07-30,961c7ce5-8c32-4192-8a7a-6bce5730ac59,109.4,34.7,11.851160280748879,34.270445109922115,Right Foot,0,0
3893818,2023-07-30,ad180005-b49b-4f64-b17e-8c067779db39,89.1,53.5,33.72032028317644,12.435046594166147,Left Foot,0,0
3893818,2023-07-30,90be0158-87d8-470a-bbf4-b9c6606e39ff,105.7,34.7,15.250573759698351,27.84351969459897,Right Foot,0,0
3893818,2023-07-30,a46752f6-0b2c-4f1e-a849-2419ccda0c36,100.3,35.9,20.122127124138743,22.06003363199339,Left Foot,0,0
3893818,2023-07-30,052b4a73-c581-49f9-89df-dd6ea6d9e989,113.4,51.8,13.52035502492445,17.565014687292972,Right Foot,0,0
3893818,2023-07-30,33709920-5e8b-4082-9b45-c4d51b155c11,110.2,40.1,9.80051019080129,44.403378862530296,Head,1,1
3893795,2023-07-22,58339835-f988-4110-b5d9-cdf01b06ed23,95.6,34.4,25.034376365310166,17.725061909014403,Left Foot,0,0
3893795,2023-07-22,8f83d6fc-8841-47c2-b556-78ca3d199dc6,99.9,38.0,20.199257412093143,22.303125531747117,Left Foot,0,0
3893795,2023-07-22,64298c3d-a2cb-498e-b54e-b9c9474ea397,101.1,53.9,23.46103152037438,15.797457164921454,Right Foot,0,0
3893795,2023-07-22,bec0b966-96a5-417e-b3ac-a0ffe42c9bb2,91.2,30.7,30.264335446198054,14.36040727851479,Right Foot,0,0
3893795,2023-07-22,77f10351-43f3-4499-a729-81f85e49f88d,111.8,34.0,10.160708636704433,36.941286369655444,Head,1,0
3893795,2023-07-22,869cc02c-5954-43da-b701-5317e9b38ad7,110.9,56.0,18.406792224611,12.708719722928352,Left Foot,0,0
3893795,2023-07-22,c8d62c2c-7ffa-4365-9878-fa7fd1701fd1,100.2,58.6,27.16615541441225,12.374109144082558,Left Foot,0,0
3893795,2023-07-22,702a28d7-cf86-45d5-bb4d-33d79fab87d8,107.1,47.2,14.773286702694163,27.033383242066055,Right Foot,0,0
3893795,2023-07-22,94a27a27-60d1-43b4-ab10-a0d6c0d4d418,109.7,40.9,10.339245620450264,42.19201296802829,Head,1,0
3893795,2023-07-22,70c0122e-8f7c-4ba4-a8d5-6dd5485665b3,91.3,49.8,30.32705063140826,14.254872843241875,Left Foot,0,0
3893795,2023-07-22,f1eeb51c-59f9-4f86-9c45-e8b17efba900,95.7,46.7,25.206745129032424,17.425104119836192,Right Foot,0,0
3893795,2023-07-22,5380ef76-3d45-4427-a438-ae0a51ae5a87,109.7,34.0,11.920151005754915,33.16467487964452,Head,1,0
3893795,2023-07-22,99d1587c-2826-4218-bd0b-4790cba6eb44,113.8,46.5,8.982761268117953,37.478596712531996,Head,1,0
3893795,2023-07-22,1972d4e1-fdb3-4a47-a3f4-06a49007cc49,116.2,42.9,4.7801673610868445,77.30167864487146,Head,1,0
3893795,2023-07-22,11d5302c-e933-4f90-b5dc-8631d5d513f0,96.6,39.6,23.40341855370707,19.395381921800148,Left Foot,0,0
3893795,2023-07-22,6dec4c4d-b7a9-47e8-9429-ffca7695adb4,101.0,44.7,19.57268504830137,22.49285131015173,Right Foot,0,0
3893795,2023-07-22,b779f81c-a053-4244-8f15-b73fee99fc35,96.6,49.4,25.217454272784956,16.80297449890735,Right Foot,0,0
3893795,2023-07-22,ea1f51b0-4710-49b7-9351-12e6d2dd4299,97.1,37.9,22.99608662359751,19.658778309754155,Right Foot,0,0
3893795,2023-07-22,8d649fa0-4ff8-4e24-892f-2ff4a4fa36f5,98.6,32.1,22.811619846034613,18.748925912212776,Right Foot,0,0
3893795,2023-07-22,cbd89e2e-0df2-4557-97e1-dce5149c6a34,100.1,56.6,25.91466766138436,13.64960561422433,Left Foot,0,0
3893795,2023-07-22,8b6f4231-ad06-48fa-9488-66354c898520,105.5,47.0,16.101242188104617,25.495337277793933,Head,1,1
3893825,2023-08-01,414a0734-153d-49b9-92cc-d7f6b6d314d2,108.8,49.7,14.816544806398019,23.760531324728117,Right Foot,0,0
3893825,2023-08-01,d6bfafde-abdc-4b31-8e01-33380ed51b57,95.0,47.8,26.188547115103578,16.624507920334462,Right Foot,0,0
3893825,2023-08-01,e268ed87-afd0-4c98-b3b1-777e52a2e1d6,97.1,60.2,30.536044275577023,11.304522050932306,Right Foot,0,0
3893825,2023-08-01,f8fd3a36-3d9f-49a5-9185-57668d411eb0,108.3,26.7,17.71383639983163,17.449289753837366,Right Foot,0,0
3893825,2023-08-01,7db642bb-7eaf-453c-ac2c-a171d1279b95,103.1,38.4,16.975570682601518,26.415813015390498,Left Foot,0,0
3893825,2023-08-01,d4ab784c-5caf-4154-9dea-572ec7d27250,99.0,46.4,21.953587406162118,19.826564305998026,Left Foot,0,0
3893825,2023-08-01,6db2559b-a0d7-4030-965f-024d4b6aff76,114.2,35.0,7.657675887630657,47.41806169557351,Left Foot,0,0
3893825,2023-08-01,43921244-f935-45e3-9725-200f08d8533f,105.4,39.9,14.600342461736979,30.641745850140442,Left Foot,0,0
3893825,2023-08-01,d2e1ca39-26f8-4ee9-8e35-3e0dc8e7e0c2,100.2,40.5,19.80631212517868,22.82875286123338,Right Foot,0,0
3893825,2023-08-01,7ace7e22-7150-4865-b726-1006510ec5c4,64.2,29.8,56.724597839032754,7.937397301803275,Right Foot,0,0
3893825,2023-08-01,cdb40c0d-dc8c-4617-861d-ab6c5ae5b4b9,109.0,51.4,15.84171707865028,20.53252478596498,Left Foot,0,0
3893825,2023-08-01,7866fe44-6701-44d1-93a8-c32b85b02c92,111.3,47.2,11.29291813483123,31.966115481707135,Right Foot,0,0
3893825,2023-08-01,0c4f4cf2-8b1c-4a48-8408-63dc90e0c911,100.4,53.9,24.028524715429363,15.605934542144466,Right Foot,0,0
3893825,2023-08-01,e6f6d174-a22f-4c58-8172-ffd85c6904bd,113.1,38.7,7.021395872616789,58.89906309275077,Head,1,0
3893825,2023-08-01,eb7d03e0-b3ef-44f8-9c89-296892e2b8b9,100.9,41.9,19.194269978303414,23.440280616530984,Right Foot,0,0
3893825,2023-08-01,26511737-c98e-4b05-907d-a433b08eb8f6,110.8,28.4,14.805404418657401,19.910626131071393,Right Foot,0,0
3893825,2023-08-01,aab549b6-4883-4925-aef2-ce4a06215508,107.5,54.5,19.144189719076646,15.923803371508638,Right Foot,0,1
3893798,2023-07-23,7a07e371-f48b-4927-92bf-1f338573856c,96.6,39.2,23.413671220037244,19.379193364923516,Right Foot,0,0
3893798,2023-07-23,e9d95c61-010d-450b-a379-ef53b2a2e759,106.9,44.0,13.69707998078422,31.41187081011601,Head,1,0
3893798,2023-07-23,3056c876-1786-4d2c-8c28-d89e5776da7e,106.2,53.1,19.02761151589973,17.69419315766894,Right Foot,0,0
3893798,2023-07-23,8cfe6e06-bf90-46ae-a85c-631c1e3b8bf5,118.5,41.1,1.8601075237738283,136.26058388589533,Head,1,0
3893798,2023-07-23,b05b4b4e-14b9-4052-8e8a-6a37dadf07f8,101.2,46.8,19.991998399359677,21.404848058674606,Right Foot,0,0
3893798,2023-07-23,c843f78c-1214-4548-a3c2-57368f6778fa,97.7,48.2,23.759840066801797,18.016229891225336,Right Foot,0,0
3893798,2023-07-23,870863bb-3595-4af6-af1b-cb57f8da98cf,115.7,36.5,5.544366510251643,66.80542996066374,Head,1,0
3893798,2023-07-23,2c44a232-1f45-47e9-be94-b4f43b2965d5,103.8,34.0,17.275416058665567,24.648426924671927,Left Foot,0,0
3893798,2023-07-23,440cfaa4-a24b-4493-8895-0abc51f7cfb2,106.1,42.2,14.073023839957076,31.417470108132246,Head,1,0
3893798,2023-07-23,dbc4b65c-864d-4fee-8279-76292da2a8f2,114.0,43.8,7.10211236182588,54.340560404168905,Head,1,0
3893798,2023-07-23,4c840b35-869a-45c2-827c-c9b53ab555bc,95.2,59.6,31.610124960208555,11.408517325056373,Right Foot,0,0
3893798,2023-07-23,5c227cc3-e1b9-4bd5-bcd1-7b761141356f,84.0,33.2,36.636593728129256,12.251859383903133,Left Foot,0,0
3893798,2023-07-23,5e590334-5132-47d0-9762-170de0ba12a1,114.3,28.3,13.014607178090317,16.55725689913807,Left Foot,0,0
3893798,2023-07-23,31f8f088-d641-48dd-a9c2-c5c0997cc303,112.6,42.3,7.749193506423754,53.3475131315804,Head,1,0
3893798,2023-07-23,39aaa648-9773-459b-b585-c05687afcabe,108.2,34.5,13.018832512940627,31.592504278443254,Left Foot,0,0
3893798,2023-07-23,b352484f-8d44-4d0a-b21c-f23df97080ce,113.9,39.2,6.152235366108804,65.87974674450375,Other,0,0
3893798,2023-07-23,963d63fa-5faa-431d-9e57-398587ad7a33,114.6,40.8,5.458937625582477,72.28420729362303,Head,1,0
3893798,2023-07-23,ebede92c-397b-43b0-ae3f-4e5e40265b92,115.1,30.7,10.511898020814323,22.529398002936862,Head,1,0
3893798,2023-07-23,7b4d4186-1ab7-473a-b3cc-3f084e6d0ee1,105.8,37.5,14.418391033676402,30.62578034922602,Right Foot,0,0
3893832,2023-08-02,3bee6677-0c66-4011-8703-340be28f63e3,105.8,32.2,16.20123452086291,24.74447147025732,Right Foot,0,0
3893832,2023-08-02,b67522fe-cbd1-4ca6-9f56-ee155c4f22ab,95.0,45.8,25.663982543634962,17.286989726129747,Right Foot,0,0
3893832,2023-08-02,e191b70c-bea4-41ca-b806-5b8110660d0e,110.2,32.7,12.22006546627308,30.456154046978646,Left Foot,0,0
3893832,2023-08-02,a46d575b-2411-4f18-96e9-23d4c79a7753,94.5,28.6,27.93223943761044,14.946162063513531,Right Foot,0,0
3893832,2023-08-02,5a2ccd73-68dd-46ff-926b-d0f823d9812d,107.7,45.0,13.27742444904131,31.545236614177668,Head,1,0
3893832,2023-08-02,abacd5e7-b064-4243-9c4c-2baf8f9cf851,111.1,26.6,16.086329600005094,16.345447888802,Left Foot,0,0
3893832,2023-08-02,2432c409-9622-48a2-b6a2-8dc12c208dfc,113.9,40.8,6.152235366108804,65.87974674450375,Head,1,0
3893832,2023-08-02,bcf5d15e-66e7-4350-a6a9-491544dd8927,108.9,60.3,23.136551169091728,9.703690381214734,Right Foot,0,0
3893832,2023-08-02,38dfcd87-4fd6-4a51-ad16-9dbc6e77161f,109.2,45.6,12.165525060596437,33.20657031508953,Right Foot,0,0
3893832,2023-08-02,726031c4-683a-41a1-aa09-e6b0e3a0c7f6,108.5,30.2,15.109268678529746,23.43043485129619,Left Foot,0,0
3893832,2023-08-02,5a2e148a-ee47-4f6b-a8c5-04e57c2bdec3,90.2,59.2,35.44968265020154,10.876962581233828,Right Foot,0,0
3893832,2023-08-02,09a1e8fe-ff7d-4618-b844-a316a8d40684,111.8,39.2,8.238931969618395,51.66116115970111,Head,1,0
3893832,2023-08-02,534eff84-f8c9-455f-9fdb-bf1e6fa06b8c,101.9,41.8,18.189282558693726,24.69777396375013,Right Foot,0,0
3893832,2023-08-02,3a5b65fa-ca87-4323-8707-85af015b2a46,93.9,47.7,27.21212964837555,16.076915740950135,Right Foot,0,0
3893832,2023-08-02,2e748be3-e7f0-48ec-a4d4-326a02056177,99.4,43.3,20.86264604502506,21.458940286267563,Right Foot,0,0
3893832,2023-08-02,913aed18-5db1-434a-bacf-f8ed9195abb4,110.4,24.3,18.402445489662504,13.388896585991926,Left Foot,0,0
3893832,2023-08-02,0eed32f1-6e3b-4ff0-9ca8-8bfa7d09fd98,113.7,19.2,21.73315439599139,6.302567609595881,Right Foot,0,0
3893832,2023-08-02,db164771-7719-4a19-84f0-1bc696779c45,107.0,35.9,13.631214179228497,31.485353068988612,Right Foot,0,0
3893832,2023-08-02,37bb1580-87c7-43e3-b15e-c73509016968,112.9,38.1,7.3498299300051775,56.20298543633625,Right Foot,0,0
3893832,2023-08-02,d7f25e44-573c-427f-a8f1-f06f99e7a21e,113.5,36.7,7.289718787443037,54.464406827981534,Head,1,0
3893829,2023-08-02,7e590980-b7b4-4fdd-909f-e4cfb6798a08,112.3,53.4,15.454772725601629,15.451816450732785,Right Foot,0,0
3893829,2023-08-02,47c9a90d-c735-4dc4-b6dd-0b418b3f0eae,103.6,30.8,18.80425483766906,21.237400342788792,Left Foot,0,0
3893829,2023-08-02,fd2cadc4-0713-48dc-bf53-05e06c2fc3f2,88.9,40.8,31.11028768751584,14.648559794407811,Right Foot,0,0
3893829,2023-08-02,69e66d8e-77cc-4d92-bfcf-5c355475fd37,105.9,41.1,14.142842712835346,31.50733307742502,Head,1,0
3893829,2023-08-02,7c76b9fb-89a4-4db5-8c37-04d4dc90eada,96.2,47.6,24.983994876720573,17.38298573247039,Right Foot,0,0
3893829,2023-08-02,7d5a0e2f-40f5-4ba2-bdda-ac2e67c25a9e,113.7,46.8,9.269843580125823,35.78107386189257,Right Foot,0,0
3893829,2023-08-02,ee95ec61-8422-4bde-9b66-4e1681cf529e,108.0,44.7,12.88759093081403,32.603641327617986,Head,1,0
3893829,2023-08-02,b7d499f8-d89c-4db2-a19e-14dd3a79833e,110.7,42.2,9.556673061269803,44.64413016937813,Head,1,0
3893829,2023-08-02,e1e0e7f4-42a7-459c-85f4-8e14783c5660,110.5,40.8,9.53362470417207,45.42148033713083,Head,1,1
3893829,2023-08-02,ecbdb52a-d74b-4223-9473-68bd14ef645b,109.5,46.0,12.093386622447824,32.81852110514102,Right Foot,0,0
3893829,2023-08-02,711d7fb5-19a0-4bfc-bd4a-2d5e273817ea,108.4,41.3,11.672617529928747,37.65828730531933,Head,1,0
3893829,2023-08-02,15e12b83-afc7-47c5-a666-8aaf3d64963b,115.3,44.0,6.171709649683791,59.565764246556576,Right Foot,0,0
3893829,2023-08-02,0c9b8634-50a9-4f27-8012-3f033f0f35d1,115.0,45.6,7.507329751649385,44.743325751091604,Right Foot,0,1
3893829,2023-08-02,0d8cc942-fae8-459c-ae44-5e742a511b83,111.9,52.7,15.063200191194433,17.079817531899852,Right Foot,0,0
3893829,2023-08-02,0a66bcee-6e03-471f-9585-ae70dbc20251,111.4,45.8,10.373041983911946,36.909908658553206,Head,1,0
3893829,2023-08-02,9476a3b7-4f81-47e8-a72a-8519dc93ff72,108.3,40.5,11.710678887237924,37.69181740234514,Head,1,0
3893829,2023-08-02,1a18043a-f407-4d5b-ba75-b7118ca79f42,86.1,39.3,33.90722636843067,13.453291545558402,Right Foot,0,0
3893829,2023-08-02,558e7de9-13ea-4cf9-b6b8-385fb7f75613,92.4,11.3,39.817709627752315,8.008168886225045,Right Foot,0,1
3893829,2023-08-02,89bec06c-185c-4f5f-b83c-a92512107f3f,109.5,43.8,11.166467659918242,37.6982910378701,Head,1,0
3893829,2023-08-02,637768ed-9a91-4179-86db-651e6b7b5129,97.3,46.7,23.668122020980036,18.45453021240412,Right Foot,0,0
3893829,2023-08-02,d5220c3e-286a-4f11-b53c-86ccc433839e,97.2,32.5,24.00187492676353,18.038458403816634,Left Foot,0,0
3893829,2023-08-02,15f70c01-5b90-465f-a8b9-dcf903d7b78a,110.9,41.1,9.166242414424785,46.94410391354618,Right Foot,0,0
3893829,2023-08-02,9d53b212-7113-4082-8c3b-75c452bc1475,93.3,41.7,26.75406511167976,16.97422226010577,Right Foot,0,0
3893829,2023-08-02,261a7838-b793-4038-a79d-82b19665c9e1,115.1,40.5,4.925444142409906,78.1010295451642,Head,1,1
3893829,2023-08-02,09bd919f-855c-47f7-a172-dbbbc7b55a3a,91.7,33.1,29.129023327259013,15.213763374146806,Left Foot,0,0
3893829,2023-08-02,10acaf27-15bb-48cf-bf2b-4c0445a0907a,111.9,47.2,10.837435120913064,32.56792936289825,Right Foot,0,1
3893805,2023-07-26,30cacaa2-2bb8-4414-adeb-b5ca105b4c17,113.5,41.2,6.609841147864297,61.9646987932932,Head,1,0
3893805,2023-07-26,858ee3ad-fd06-4c72-b419-7c2b8a3a8eb1,110.8,39.6,9.208691546577073,46.93058744116698,Head,1,0
3893805,2023-07-26,c2d788a3-34ca-40be-8f74-29fbbd2acfaf,107.8,28.1,17.042593699317017,19.57642062035977,Left Foot,0,0
3893805,2023-07-26,764c1ee8-496e-4b1a-a979-3c1fdc1fb465,115.3,46.5,8.021221852062192,37.8766247526792,Right Foot,0,0
3893805,2023-07-26,2607cf36-4b36-4360-918e-9f0025d49090,89.9,28.5,32.222042145090676,13.254764499318636,Right Foot,0,0
3893805,2023-07-26,d220b05f-c0b9-4bce-8f21-9874a33e035a,98.3,30.3,23.769307941124413,17.548142636594275,Left Foot,0,0
3893805,2023-07-26,faf8fc25-e522-4c47-aeb8-98a3874e1baa,108.6,26.7,17.51713446885649,17.409530746302302,Left Foot,0,1
3893805,2023-07-26,e5d6c922-d649-4244-b520-0288c9a8afe1,111.9,35.5,9.266067126888295,42.848059489553584,Head,1,0
3893805,2023-07-26,0c930af7-8d59-4d89-b370-461b963d7db4,116.3,54.3,14.770917371646215,8.329169153585674,Right Foot,0,1
3893805,2023-07-26,45d286e8-11b6-4bcf-809d-68669f977e6e,114.3,55.6,16.608732642799694,9.953253652220756,Right Foot,0,0
3893805,2023-07-26,1027788f-ee7a-4ce4-8e2d-f70be48d1362,106.7,54.8,19.897989848223357,15.644987333406739,Right Foot,0,0
3893805,2023-07-26,6eb2f998-3cf4-4113-86aa-41dbebfd4b4b,106.2,28.9,17.71016657177453,20.350090550580365,Right Foot,0,0
3893805,2023-07-26,419726e0-d866-409d-a340-169e2b3ee940,107.9,36.6,12.568611697399195,34.28750311405904,Head,1,0
3893805,2023-07-26,b17e0ddf-4be8-405f-acea-4b3369fd05c3,94.5,37.7,25.603515383634335,17.69160463749836,Right Foot,0,0
3893805,2023-07-26,e1b34eaf-879f-482f-acd4-34c12373227b,101.4,27.0,22.69273011340856,16.6056485626339,Right Foot,0,0
3893805,2023-07-26,4b32ddc1-8efb-4c44-88e0-b5617d9dc99c,108.5,33.5,13.209844813622906,30.132664069607795,Right Foot,0,0
3893805,2023-07-26,1ba8de17-7bc7-4270-ac61-4b3f6260008a,105.1,35.7,15.508062419270827,27.966410771819355,Right Foot,0,0
3893805,2023-07-26,3950e028-e3e7-4fa1-894b-2ddf7063462c,99.5,36.6,20.780038498520643,21.524817065703616,Left Foot,0,0
3893805,2023-07-26,57582d73-7b36-4e2f-9eed-c6848bc521f6,96.4,39.8,23.600847442411887,19.238137623764075,Left Foot,0,0
3893805,2023-07-26,b4f78aed-1d77-438d-92e9-bb2b0fbb9f80,98.3,44.0,22.065584062063714,20.23709427606285,Right Foot,0,0
3893805,2023-07-26,f25184e8-a820-4d06-93c6-4093d2d06e79,104.1,40.6,15.911316727411348,28.20573415069344,Left Foot,0,0
3893805,2023-07-26,a1aabee7-45d3-4eef-bd4f-1269851ea53b,113.9,34.4,8.280700453464064,42.87012347402875,Head,1,0
3893805,2023-07-26,a375856a-68aa-4b81-9f17-f2497e8a6ff8,101.3,43.2,18.971821209362062,23.50770240837985,Right Foot,0,0
3893805,2023-07-26,704ada9b-279b-4223-8b2e-7637bf98e351,105.0,33.0,16.55294535724685,24.94390526342458,Right Foot,0,0
3893805,2023-07-26,14e0ed85-b893-44fa-954f-d53d31cdb923,101.4,46.7,19.769926656414277,21.65103759446625,Right Foot,0,0
3893805,2023-07-26,ce5292bd-5f7d-4a21-943d-c270a573ca44,107.4,33.1,14.36558387257545,27.901004564863886,Head,1,0
3893805,2023-07-26,a3690561-0f40-4061-8fa6-7a2dcc70ad00,108.8,35.9,11.926860441876565,35.36343548547698,Head,1,0
3893805,2023-07-26,e4e18dbe-45d2-43aa-bd1b-adac415dcff1,108.6,39.9,11.400438588054415,38.66716447674432,Head,1,0
3893805,2023-07-26,4130a247-0909-4f8d-bc2f-2ade323e1716,87.6,45.5,32.86350559511265,13.690968512743412,Right Foot,0,0
3901734,2023-08-05,b62a3c8e-c6ed-4b2e-9a50-3ee04252815b,108.0,62.7,25.676643082770774,8.487773528750212,Right Foot,0,0
3901734,2023-08-05,15efc969-067e-4697-b88e-68959c8d66bb,92.4,28.5,29.899999999999995,14.115905308257233,Right Foot,0,0
3901734,2023-08-05,0c671dad-f149-4c11-9ac5-f2870cda628a,112.6,32.0,10.897706180660226,29.94622948198041,Head,1,0
3901734,2023-08-05,83bff8bf-201d-41f6-b2c8-b12f9806e34e,102.0,50.2,20.68912757948,19.263531869347563,Right Foot,0,0
3901734,2023-08-05,7e5fe3e1-d211-4b4c-bd80-911315488df7,110.4,41.2,9.674709297958254,44.70313333267532,Head,1,1
3901734,2023-08-05,4e03544b-d530-4056-ab57-8b74ee92b63b,87.7,39.4,32.30557227476399,14.114272691397089,Right Foot,0,0
3901734,2023-08-05,5dc5a448-ba23-47c2-98de-c5971645757d,95.1,31.6,26.278698597913866,16.451829873211395,Left Foot,0,0
3901734,2023-08-05,13d96475-b1d9-4682-9dc5-4b45ab7d0c17,99.1,34.4,21.63723642242697,20.29300416585801,Left Foot,0,0
3901734,2023-08-05,7bab2374-ec2e-4ed3-b350-4e0f7282ab7c,105.9,30.3,17.114321488157216,22.164373981235492,Right Foot,0,0
3901734,2023-08-05,4799a7ac-4aba-4cdd-898d-d09821976257,100.6,57.0,25.794573072644567,13.441792777720565,Right Foot,0,0
3901734,2023-08-05,c457abc1-be73-4172-a5b3-ac1930c5cd96,104.1,40.3,15.902829936838291,28.232926230753282,Head,1,0
3901734,2023-08-05,0a5726d5-7b30-4c73-8385-7010af3ff9a8,99.8,31.5,21.915519615103815,19.190877372779788,Left Foot,0,0
3901734,2023-08-05,7e7b0248-9716-4d0f-af5c-3e365c78879a,110.8,42.7,9.588013350011568,44.10728039092354,Right Foot,0,1
3901734,2023-08-05,8eb25170-9411-4a1f-91d6-dc2d12a36bd7,99.0,20.2,28.862432329933664,11.619228608502665,Right Foot,0,0
3901734,2023-08-05,2080b515-ddfe-4575-9b43-a7470598f8e5,107.9,44.6,12.944883158993745,32.5642877408479,Head,1,0
3901734,2023-08-05,6e4aeafb-8dab-4faa-a89a-36f7483dcd4e,112.8,52.0,13.994284547628723,17.759467177862497,Right Foot,0,0
3901734,2023-08-05,72e99d8f-f3ca-4194-85b9-80737f21ed6b,100.4,46.5,20.649697334343664,20.909705188311662,Right Foot,0,0
3901734,2023-08-05,ee25fca3-3dff-4b15-84ee-fad678e85f00,103.2,38.4,16.87601848778319,26.565051177077994,Left Foot,0,1
3901734,2023-08-05,e2cd200e-0018-4c7e-a770-89a2e7ea8898,108.6,35.6,12.219656296312106,34.37479800281474,Left Foot,0,0
3901734,2023-08-05,fd4e6504-0e53-4414-a1a1-66e41196bdc5,81.4,28.9,40.16428761972506,10.942662622744288,Left Foot,0,0
3901734,2023-08-05,48f54c47-bfac-47a0-919c-297840b49e43,104.2,41.2,15.845504094221804,28.26644378594973,Left Foot,0,0
3901734,2023-08-05,48da9883-0ec6-4f05-8fbf-ef70854d70b6,113.4,40.0,6.599999999999994,62.4368055286928,Head,1,0
3901734,2023-08-05,01a89cfb-70a4-4a4b-abea-415273c97446,116.2,32.0,8.85663593019381,25.959940507291744,Head,1,0
3901734,2023-08-05,23a30ade-6c7a-4288-af89-ab2cb4cdad92,104.8,53.8,20.52997808084558,16.693540065538908,Right Foot,0,0
3893802,2023-07-25,11dce30c-d91e-4fe8-acc0-f7ecad2e0980,96.4,41.3,23.63577796477196,19.183922128827742,Right Foot,0,0
3893802,2023-07-25,cdd02096-da13-4e6a-94a4-a4cf757ddae9,102.5,24.4,23.443762496664224,14.701008321513436,Left Foot,0,0
3893802,2023-07-25,4f15656c-b940-4c9e-98bb-4d5d1ec9611c,97.3,43.2,22.924441105510077,19.61641738115971,Left Foot,0,0
3893802,2023-07-25,57ca4f97-5d8c-4877-bef0-d0c806111cfd,106.5,26.0,19.448650338776723,16.60124698717081,Right Foot,0,0
3893802,2023-07-25,b4c032ab-1a16-496b-887d-869ed3cfd350,105.9,52.9,19.11072997035958,17.90074482584235,Left Foot,0,0
3893802,2023-07-25,d29b1a77-6ecb-4187-8d02-66f627943604,100.0,24.0,25.612496949731394,14.036243467926479,Right Foot,0,1
3893802,2023-07-25,2e89ea79-47de-45da-9967-5e0e5fe70a4d,101.2,29.5,21.533462331914947,18.569606911676793,Left Foot,0,0
3893802,2023-07-25,c2884963-601a-4dba-9cac-2b7bb40ce530,111.2,44.3,9.794386147176347,41.3726529600712,Head,1,0
3893802,2023-07-25,f6d14d65-dbb2-4e41-9649-cfb237c0a2a1,105.7,23.8,21.608563117431014,14.235480903011537,Right Foot,0,0
3893802,2023-07-25,2c375da1-fe9a-49fe-b3dc-d5aaeb92488e,111.7,44.3,9.34772699644143,42.92996934695892,Head,1,0
3893802,2023-07-25,c7007714-c22b-4d30-8347-ac83f3f2d675,111.8,41.3,8.302409288875129,51.101336863565066,Head,1,0
3893802,2023-07-25,bd503021-a6e3-4164-be86-e25467818ea4,85.2,43.1,34.93780187705002,13.012852074084066,Right Foot,0,0
3893802,2023-07-25,0714face-a6eb-47eb-a875-39dd5ea9dfb7,103.3,24.7,22.649061790723255,15.046738664969487,Right Foot,0,0
3893802,2023-07-25,aba52c49-b498-4484-969b-e602e998e82a,98.7,38.6,21.345959805077865,21.18538597025077,Left Foot,0,0
3893802,2023-07-25,6a465fd0-e1c7-491f-b7bc-27a87a66bd3a,108.9,39.5,11.111255554616672,39.568760831363086,Head,1,0
3893802,2023-07-25,e82d623c-ff6e-4242-b806-164ce43c9cb8,99.1,36.1,21.260761980700508,20.98025279114815,Right Foot,0,0
3893802,2023-07-25,904cb693-8f19-424d-9323-2dee1b0aa3e6,114.7,31.5,10.016985574512923,26.68991386825024,Head,1,0
3893802,2023-07-25,8de9d335-b915-4e93-bfb0-036a57707742,91.3,56.8,33.25552585661517,11.895758062345298,Left Foot,0,0
3893802,2023-07-25,ca3f0c9e-de7c-48ce-9a9f-422f379727ec,96.1,49.5,25.718864671676318,16.500492704206263,Right Foot,0,0
3893799,2023-07-24,ac705753-4cc0-406e-b74c-3706766bd642,113.6,43.8,7.443117626371362,52.420593365881324,Head,1,0
3893799,2023-07-24,ee7454cc-ece5-4ae8-8758-e983eb745c64,109.3,39.1,10.737783756436896,40.76246378253954,Head,1,0
3893799,2023-07-24,60a64711-3768-4273-8211-4b140263e2fc,112.9,40.3,7.106335201775942,58.725740347725,Head,1,1
3893799,2023-07-24,956a156c-147d-4c24-bc83-e071a823ef21,107.2,49.8,16.120794025109305,22.776494172425696,Left Foot,0,0
3893799,2023-07-24,bd517096-cbd3-422c-b398-9e6698d28c32,85.5,43.7,34.69783854939671,13.079761662970574,Right Foot,0,0
3893799,2023-07-24,21b323ea-052e-4ba9-a56b-3aa28f5785eb,99.8,36.5,20.50097558654222,21.787236133638295,Left Foot,0,0
3893799,2023-07-24,b5737776-f54d-4154-8402-ac035d8849df,113.2,41.0,6.87313611097583,60.13276947057797,Head,1,1
3893799,2023-07-24,370c7f60-244c-44bd-b2cc-581a9a98ad26,105.8,22.7,22.38146554629522,13.184398036624733,Left Foot,0,0
3893799,2023-07-24,cf34ebea-7a79-414a-bad0-d7d3a911750f,102.0,39.8,18.001111076819676,25.054760846318633,Right Foot,0,0
3893799,2023-07-24,c07d1c5a-408f-42ce-9d4b-b448aa2706b5,116.4,43.3,4.883646178829906,74.75329848206071,Right Foot,0,0
3893799,2023-07-24,c08f4d34-2f08-402a-8014-e459d4e8f5eb,111.8,31.7,11.66747616239262,28.63785425126144,Right Foot,0,1
3893799,2023-07-24,af927619-0cd8-4064-9652-ab80303d66cc,101.6,28.3,21.80481598179632,17.764578795444542,Left Foot,0,0
3893799,2023-07-24,1c540b02-0823-4060-8a7e-1a6e7f8a889f,116.0,46.8,7.889233169326405,34.684842971778416,Head,1,0
3893799,2023-07-24,6eb1eed7-2d54-4dc3-b7d8-8abb4af3ac24,104.2,49.3,18.333848477611017,21.546069441745477,Left Foot,0,0
3893799,2023-07-24,febfb270-7114-47f4-9968-87be728101dd,112.4,43.3,8.285529554590937,49.10894494848979,Head,1,0
3893799,2023-07-24,d3552a86-fbe9-41d1-9953-dd2e416752ec,103.4,55.7,22.848413511664216,14.704265516975235,Right Foot,0,0
3893799,2023-07-24,776eabc7-0dd5-466f-8549-4d96226400bc,106.4,52.1,18.20357107822528,19.034004116143567,Right Foot,0,0
3893799,2023-07-24,29821cd5-1aa4-4ea7-a08a-c820d036ad93,113.2,35.3,8.266196223173026,46.111097123340336,Right Foot,0,1
3893799,2023-07-24,1c7cb86f-bf05-4772-8fbb-4d3b8bc9a8ea,89.9,56.8,34.47100230628636,11.608049431975196,Right Foot,0,0
3893799,2023-07-24,11c70107-f2e9-4641-bcbc-caf9a99052ea,113.1,41.7,7.106335201775954,57.994616791916464,Head,1,0
3893799,2023-07-24,1e4a89e3-6371-483a-941d-f233fe3c070a,96.3,39.2,23.71349826575573,19.138972891245288,Right Foot,0,0
3893824,2023-07-31,834b7d28-ecfc-4015-bf58-0decea26a9f7,101.3,32.2,20.261539921733494,20.765994030086084,Left Foot,0,0
3893824,2023-07-31,d4fe9610-6353-4ece-9477-c70526defae1,110.7,47.6,12.010412149464312,30.118747308871505,Right Foot,0,0
3893824,2023-07-31,75761b10-51ae-48b3-8ee7-feac5096e3d8,114.0,32.8,9.372299611087987,33.74892295418786,Right Foot,0,0
3893824,2023-07-31,160542d2-48d6-4548-97e0-036140f897a8,114.7,38.1,5.630275304103696,69.68126444391217,Head,1,0
3893824,2023-07-31,e688ab2f-a92f-40e9-8aeb-d78890b5691c,94.2,36.7,26.010190310722447,17.352789864521185,Left Foot,0,0
3893824,2023-07-31,6ad75948-fd23-4256-a8b8-9df1f0553248,111.4,24.0,18.16480112745526,12.360202481363956,Right Foot,0,0
3893824,2023-07-31,3aa0c88c-242e-4a42-9ae3-4b179e59f836,113.5,40.5,6.519202405202649,62.995909297240345,Head,1,0
3893824,2023-07-31,d244d740-bbab-40a7-9c9f-38b5aeea07a9,108.6,50.6,15.566630977832043,21.947918922860456,Right Foot,0,0
3893824,2023-07-31,c1693016-a0c0-4ce1-8803-d301e4642d60,107.7,45.1,13.315404612703286,31.385003198089972,Left Foot,0,0
3893824,2023-07-31,6d602b3d-9d9b-4aad-835f-a74e5cf60b16,106.8,44.0,13.792751719653337,31.218402764346376,Right Foot,0,0
3893824,2023-07-31,458df0e3-55ad-4116-8c36-d64338f5d568,112.1,40.9,7.951100552753693,53.234683085880505,Right Foot,0,0
3893824,2023-07-31,98bca128-1490-42e7-aa90-85aab082ad6c,114.2,42.6,6.356099432828279,62.26182037161278,Right Foot,0,0
3893824,2023-07-31,329c5784-65dc-410a-b2be-69af60d51072,101.3,41.7,18.777113729218346,23.963752519922046,Left Foot,0,0
3893824,2023-07-31,f30b7851-a333-43db-87c1-6a73a2b56092,96.4,34.8,24.166091947189138,18.38651622286601,Left Foot,0,0
3893824,2023-07-31,3cf8ad67-d484-4745-942e-236091f8145e,89.2,43.9,31.04593371119638,14.571894729061382,Left Foot,0,0
3893824,2023-07-31,9234feee-e24c-40ad-9254-7ac6e88b1775,93.9,42.9,26.260616900598503,17.22171347189229,Right Foot,0,0
3893827,2023-08-01,fb4f0f44-d859-4322-af04-8bff744ecf47,97.5,32.9,23.593643211678863,18.413963455277713,Right Foot,0,0
3893827,2023-08-01,b03cc44f-0db4-4c77-9626-e6d72c871d7a,107.3,34.0,14.045995870709918,29.26749306058997,Left Foot,0,0
3893827,2023-08-01,c25fb842-c2a8-489c-b46d-616361b98630,101.0,37.5,19.1637678967368,23.400075827710555,Right Foot,0,0
3893827,2023-08-01,f9007422-3df3-4bbc-b880-3da81a802fcf,107.4,45.4,13.70839159055503,30.3839154270149,Right Foot,0,1
3893827,2023-08-01,4312aa7e-960a-4835-a5f1-fc520bb2305b,103.4,39.6,16.604818577750247,27.081563591500164,Left Foot,0,1
3893827,2023-08-01,de752b8d-1703-44cc-83ed-387748bdbc51,107.5,38.1,12.643575443678897,34.803946258798405,Head,1,0
3893827,2023-08-01,8648d072-26d0-4855-9cb7-c92f68be77c3,96.9,39.5,23.105410621756967,19.639104147907254,Right Foot,0,0
3893827,2023-08-01,2550c35f-4a7c-4919-9918-e435334dff7c,83.2,33.7,37.33537196814838,12.060136880183453,Right Foot,0,0
3893827,2023-08-01,40c23afc-5203-45bd-8d80-243f003391ea,96.4,22.3,29.499999999999996,12.462745172240645,Right Foot,0,1
3893827,2023-08-01,7530ed1b-0619-46ba-a3c8-a35ac2bd6c2d,105.8,44.4,14.866068747318508,28.992868098628296,Right Foot,0,0
3893827,2023-08-01,f50d2d86-101b-49bd-81d7-551c4d49a4b9,109.5,33.0,12.619429464123963,30.386823952946784,Head,1,0
3893827,2023-08-01,28c22b32-a4ea-4af2-98af-2bc1830bc56c,109.9,40.7,10.124228365658288,43.04865711864217,Left Foot,0,0
3893827,2023-08-01,a7e16456-17b9-4c26-a836-568d7260294b,102.8,45.2,17.968861956172965,24.150688133831938,Left Foot,0,0
3893827,2023-08-01,271bbec8-0fa8-45ed-8725-0b4e55c3925c,107.0,52.5,18.034688796871432,18.587663163160315,Left Foot,0,0
3893827,2023-08-01,a00a0b38-42f8-426b-a743-ebd3c6c655cf,113.9,42.5,6.592419889539799,60.63332830571349,Right Foot,0,1
3893827,2023-08-01,a3dff41d-9a13-46bd-aeba-fcb28a681a1d,101.2,41.9,18.895766721676047,23.797050319430607,Right Foot,0,0
3893827,2023-08-01,9f9e6c5e-ffd1-4713-8623-7b77eb04deb0,106.6,31.0,16.141871019184862,23.66967702683225,Left Foot,0,0
3893827,2023-08-01,62d8b557-8244-4870-8dc1-b510d5ddc06a,113.2,33.4,9.476286192385706,36.39494351171543,Head,1,0
3893827,2023-08-01,60e6713e-dc7c-4bad-9fd2-7f3026e2a718,85.1,43.6,35.08518205738714,12.941875867133339,Right Foot,0,0
3893827,2023-08-01,7c857e08-9885-456a-ba06-f1fab92bc040,113.0,52.2,14.065560778013797,17.11689837851666,Right Foot,0,0
3893827,2023-08-01,67baee38-cd0f-420f-8814-3b2c51e1523c,102.5,29.8,20.25561650505854,19.54835306028023,Right Foot,0,0
3893827,2023-08-01,e1889015-c708-476b-9434-0c840366601c,106.1,23.3,21.727862297059968,13.701755478020493,Right Foot,0,0
3893827,2023-08-01,22beec13-f878-4810-a6c7-833205b1a028,101.4,37.4,18.780841301709565,23.841123898636376,Left Foot,0,0
3893827,2023-08-01,399cf6e1-e142-4329-9be2-e0e14b5ade71,98.4,38.4,21.659178193089407,20.874646826450036,Left Foot,0,0
3893827,2023-08-01,0b444dd7-18b1-457e-9282-2453eda92a58,113.5,40.4,6.512296062065975,63.074685652694335,Right Foot,0,0
3893827,2023-08-01,0044742f-0ee4-453a-83cb-b58232c7f421,115.6,43.4,5.560575509783141,67.0296783165052,Left Foot,0,1
3893827,2023-08-01,81701455-8cd8-48d1-aa68-666f0a0950da,101.8,40.4,18.204395073717777,24.779748376093128,Left Foot,0,0
3893827,2023-08-01,110bc2e3-9112-448c-9036-6dae37438be7,113.3,35.9,7.854934754662196,49.54869396398298,Head,1,0
3893827,2023-08-01,6f84c051-6766-4600-92cb-f85a7922d56e,91.3,35.4,29.066303514551006,15.48328045494752,Right Foot,0,0
3893827,2023-08-01,06ca31c8-692c-438e-949c-72ef93955a66,103.1,44.4,17.463390277950047,25.073419465737707,Left Foot,0,0
3893827,2023-08-01,dc8ab294-1c57-4845-b11e-8b04c2f790e3,95.7,25.2,28.452240685049745,13.765289172378726,Right Foot,0,0
3893827,2023-08-01,aa1da1d3-5c1f-4f6e-b6d1-741c1d3c8ef9,97.0,23.7,28.190246540248634,13.294807202385797,Right Foot,0,1
3893827,2023-08-01,53cfacc8-d050-46cb-a7eb-87032a44fbb3,101.8,51.1,21.317832910500076,18.370238876653726,Left Foot,0,0
3893827,2023-08-01,7f477707-95e2-4d3a-9716-6ab312a56e0b,103.3,29.6,19.67358635328089,19.801883676909327,Left Foot,0,0
3893827,2023-08-01,f473aa23-40aa-4cbd-8766-056f35a415f2,90.9,31.5,30.31600237498341,14.455556258182352,Left Foot,0,0
3893827,2023-08-01,e43c7456-db26-4ee6-940d-42f8dc2eac60,102.8,52.3,21.145448682872633,17.701069338105423,Right Foot,0,0
3893827,2023-08-01,e92fdf28-c0fb-4e02-842b-c1a0fd2bc9e8,106.2,24.5,20.75307206174546,14.907679932675087,Left Foot,0,0
3893827,2023-08-01,42daf55b-cf28-4460-880a-6b3cb3e69ae0,94.1,45.1,26.39734835168109,16.927044229777135,Right Foot,0,0
3893827,2023-08-01,8b969979-fee6-4815-97ce-bc685b50afc7,105.4,54.3,20.436486977951954,16.214454444641422,Left Foot,0,0
3893827,2023-08-01,96f10271-cbdc-4531-8fe7-8ba853e3416a,114.8,38.0,5.57135531087365,70.12312780539668,Head,1,1
3893827,2023-08-01,da31df41-a9f3-4446-833c-59cd3c482efe,108.9,42.3,11.335784048754627,38.28520895278176,Left Foot,0,0
3893827,2023-08-01,1f1f45bb-3d06-40ff-8b0f-6b4c26267592,98.1,41.2,21.932852071721094,20.64308184077909,Left Foot,0,0
3893827,2023-08-01,8dc07030-a978-4ec7-b0c3-0c706f046a71,101.8,44.7,18.797074240423697,23.34622647364131,Left Foot,0,0
3893827,2023-08-01,3f5dda73-c3a3-4f1b-9806-d332a1663f0b,113.7,43.1,7.0213958726167816,56.54669054592733,Head,1,0
3893827,2023-08-01,59eaa49b-97a2-4963-90c7-ca138ad84969,96.4,40.8,23.6135554290327,19.21838881771676,Left Foot,0,0
3893827,2023-08-01,e6539e7c-8b9c-441b-8a98-8c3871d487eb,103.0,44.0,17.46424919657298,25.20112364547507,Right Foot,0,0
3893819,2023-07-30,52975906-4ce4-45de-8588-efe745100278,89.2,39.5,30.804058174208148,14.795397357527863,Right Foot,0,0
3893819,2023-07-30,d0678b57-29b9-4fe1-842f-53689cd9190c,113.5,46.1,8.914033879226622,39.33166400316813,Head,1,1
3893819,2023-07-30,abde358b-f5f0-4eea-9f20-7f971439de77,107.9,52.4,17.32541485794784,18.81095621989834,Right Foot,0,0
3893819,2023-07-30,777d67bc-25bd-4c63-998c-9706aa2d8907,106.0,49.5,16.91892431568863,22.510636996884678,Right Foot,0,0
3893819,2023-07-30,5076f651-f7d8-4df9-89df-906af698446e,112.9,32.4,10.400480758118826,31.64355890984617,Right Foot,0,0
3893819,2023-07-30,372134af-e72b-49db-b3b8-e8d838ed75e7,107.1,43.2,13.290974381135499,32.71629535348223,Head,1,0
3893819,2023-07-30,f1f12e45-dacf-46b7-b5d6-f6028ff6c114,118.4,53.4,13.49518432626987,4.406090327180065,Right Foot,0,0
3893819,2023-07-30,8a3e7e46-dda3-4aaf-86f8-d3f6372da7aa,111.7,31.5,11.880235687897777,27.95067738175217,Left Foot,0,0
3893819,2023-07-30,c45d6ecf-246d-4195-bd82-a5ab0b1bdcce,101.3,47.6,20.18539075668341,20.915299323368924,Left Foot,0,0
3893819,2023-07-30,056646de-eb77-4a7e-ac52-6952cf6f2463,99.2,26.9,24.581497106563706,15.794772028365589,Left Foot,0,0
3893819,2023-07-30,108cb3aa-a5d0-4efc-983c-0fcfdfa9b53d,112.4,23.8,17.89413311675086,11.302688096828687,Right Foot,0,0
3893819,2023-07-30,1d306c4c-b642-4592-81a3-dab426824ef6,108.0,17.0,25.942243542145693,8.313155339999449,Right Foot,0,0
3893819,2023-07-30,44e1ab95-bbeb-4500-b3e6-7b0d49020b9d,93.2,19.0,34.0476137196133,10.621712896844194,Right Foot,0,0
3893819,2023-07-30,ed4d075b-1ee9-4313-b22d-9e2181bfcb7f,110.0,33.2,12.092973166264777,31.56035170455709,Right Foot,0,0
3893819,2023-07-30,03ea5532-74d7-4d2a-afa6-776e63ad1ccc,115.8,36.0,5.8000000000000025,62.30052719194499,Head,1,0
3893819,2023-07-30,6ea38059-b113-43be-84f6-f39f21d379b0,115.2,46.6,8.160882305241266,37.194618360324455,Head,1,0
3893819,2023-07-30,675276b1-2aaf-45e2-a9e0-c166cb636b0b,99.6,56.8,26.427258654654292,13.449996271962831,Right Foot,0,0
3893819,2023-07-30,a9a57296-17bf-44d6-a377-13c6bb2733a2,113.0,39.0,7.0710678118654755,58.73626830562258,Head,1,0
3893819,2023-07-30,229eecd9-8b4c-4cde-9da1-4eda14b71831,94.1,41.0,25.919297829995323,17.533679665108032,Right Foot,0,0
3893819,2023-07-30,364811ef-4570-4529-81e1-52f6d773915a,103.9,28.9,19.555561868685846,19.367043903263973,Right Foot,0,0
3893819,2023-07-30,b1f3b662-38b8-417f-874e-0738fbb9d4d8,110.7,30.8,13.081666560496027,25.622271706478994,Head,1,0
3893819,2023-07-30,5323c67a-dfba-4def-b95b-141507e74d3a,107.4,34.1,13.912943613772027,29.581993947533853,Left Foot,0,0
3893819,2023-07-30,07618a0f-a3b5-4184-a422-2f77126224a0,106.8,30.5,16.26314852665375,23.023880766134955,Left Foot,0,0
3893819,2023-07-30,cccf63d8-b5b5-4e1a-bcf3-cbbba7e1b1bb,97.9,22.1,28.439760899135557,12.571345474716717,Right Foot,0,0
3893819,2023-07-30,090f2c90-4a15-4307-9848-faf0424df593,108.2,27.5,17.189822570346674,18.662811463296507,Left Foot,0,0
3893819,2023-07-30,8f43914b-bdcc-452c-a50d-42cdcbd2b64f,113.4,33.5,9.263368717696599,37.101624583034265,Right Foot,0,0
3893815,2023-07-29,8d43e7ea-eda2-48e4-874c-f8b0f26891ac,98.5,36.7,21.75178153623284,20.618927323335555,Left Foot,0,0
3893815,2023-07-29,25bf3a1c-92f5-42d9-9d9f-183efa6cf6e9,92.5,53.7,30.723606559126488,13.337669912534876,Right Foot,0,0
3893815,2023-07-29,bb77fa04-a664-488f-82a0-0962cd53b4ad,111.4,46.3,10.660675400742669,35.1668816122037,Head,1,0
3893815,2023-07-29,67764ccc-9eea-4ef5-b8bb-308761a8ddc4,113.7,41.9,6.580273550544837,61.55707137563668,Head,1,1
3893815,2023-07-29,adfbdcbb-01a3-4e20-94ea-480805c8a265,100.9,50.5,21.79587116864109,18.410232674911587,Left Foot,0,0
3893815,2023-07-29,a722793a-7e9c-482e-83a3-037b096163b0,105.7,40.1,14.30034964607509,31.253419279169663,Right Foot,0,0
3893815,2023-07-29,e692dd9e-ef44-4906-a2b6-cd97bf43839f,103.7,55.0,22.151523649627354,15.360567995497473,Right Foot,0,0
3893815,2023-07-29,6dfebab9-2de2-4152-a60e-5fff9e1ca3de,89.6,57.0,34.83044645134484,11.483226613439355,Right Foot,0,0
3893815,2023-07-29,37e0c152-7059-43c2-8a9c-abb01d9c4e2f,94.8,22.0,30.968370961353457,12.066871398075149,Left Foot,0,0
3893815,2023-07-29,16768a6b-4f27-4e11-bbb3-dca3762e1ce7,90.9,56.5,33.45235417724737,11.917346053564739,Right Foot,0,0
3893815,2023-07-29,b3ca3469-0f19-4eeb-8cc3-4d1106c9bffe,116.2,26.1,14.410065926289162,9.013304915307279,Right Foot,0,0
3893815,2023-07-29,4b77a839-12f5-4784-826a-793dda9c0657,99.2,33.2,21.883326986543885,19.772923686385134,Right Foot,0,0
3893815,2023-07-29,27e78ae5-1ff9-40f8-a0cd-dd49a3e93323,113.1,33.7,9.343446901438465,37.74680538727468,Right Foot,0,1
3893815,2023-07-29,e63ccb2e-a374-481d-a3e6-301365c703c1,91.9,12.6,39.24754769409166,8.388987261433611,Right Foot,0,0
3893815,2023-07-29,e92489da-97b8-4f6a-be1f-f6b5645f08b1,107.4,30.8,15.60128199860511,23.906357932517857,Right Foot,0,0
3893815,2023-07-29,a4b79a90-8a72-4a43-90ce-60ecc8eaa35a,97.4,56.9,28.220028348674628,13.044421900790594,Left Foot,0,0
3893815,2023-07-29,cf5ccf47-d2eb-47b5-b65f-483fd4b2dadf,110.1,40.1,9.900505037623086,43.99790582428046,Head,1,0
3893815,2023-07-29,9241aa09-887b-4e08-bc4c-5e1051ab514e,104.5,57.1,23.079428069170174,13.495901051461637,Right Foot,0,0
3893815,2023-07-29,44fe59bb-07d3-45ad-b102-ec57a487bc46,113.3,51.6,13.395894893585874,18.15581909682408,Right Foot,0,0
3893815,2023-07-29,5992b6da-c0b1-4f0f-ba03-75a234e1c3fb,116.8,32.5,8.154140052758477,26.88642561883342,Right Foot,0,0
3893815,2023-07-29,58ab1da1-bd5e-4248-b427-abeabfb9fa3d,100.6,32.3,20.872230355187256,20.296006779408216,Right Foot,0,0
3893815,2023-07-29,27e5063f-1fc3-4b01-8bbe-68bd194cc5ec,105.4,60.4,25.086251214559734,10.7822373191998,Left Foot,0,0
3893815,2023-07-29,d895cc77-9f0c-4d27-a883-c53940ceb5f9,100.9,27.4,22.88165203825982,16.754012774733546,Right Foot,0,0
3893815,2023-07-29,65b2d318-f354-4f84-a2cc-c08b0d59ee26,101.4,37.7,18.741664813991306,23.933939819686547,Right Foot,0,0
3893815,2023-07-29,bbd206a3-2870-4597-a7ee-b9253562c50c,91.3,40.6,28.7062710918712,15.862013036312366,Right Foot,0,0
3893815,2023-07-29,54df046c-f156-4c0a-9e96-f7acf770d97d,113.6,32.0,10.244998779892562,29.922129856063556,Head,1,1
3893815,2023-07-29,a4137a6d-9929-46ae-842b-a53b5b5f65c5,93.0,40.6,27.006665843824557,16.845914511938652,Right Foot,0,0
3893815,2023-07-29,22fc89a8-94fa-44fd-a900-ef36f7e49a8f,84.4,50.6,37.14458237751502,11.796137205012895,Right Foot,0,0
3893815,2023-07-29,f7e9db4f-74f0-4f57-8cd7-785a9298cec8,81.8,46.2,38.69987080081793,11.65397040646623,Left Foot,0,0
3893815,2023-07-29,c9c0bf32-7c64-44f2-9fa4-9ddfb84baf23,110.5,39.6,9.508417323613852,45.605657178511564,Right Foot,0,0
3893800,2023-07-24,3477a656-1aa6-4f0b-9945-1766ff7a55f2,107.2,38.4,12.899612397277677,34.249033006811956,Right Foot,0,0
3893800,2023-07-24,881e8524-d5e1-4bec-8eb0-487318b0e07a,105.5,47.6,16.371010964506745,24.716577333536424,Right Foot,0,0
3893800,2023-07-24,5c10b2c2-c287-4330-b930-241e60e2764d,111.3,55.1,17.426990560621764,13.599632163938473,Right Foot,0,0
3893800,2023-07-24,1a2875d9-27a6-4397-bbbb-465a71b636b8,93.6,20.9,32.58481241314733,11.417676912675864,Right Foot,0,0
3893800,2023-07-24,20888a54-57e5-4968-95f7-6b8e006eb66e,86.2,28.0,35.866976454672056,12.015517523142877,Left Foot,0,0
3893800,2023-07-24,e2dcb3c1-eb5b-4d6a-ad49-2d49ade0d3f2,89.1,52.8,33.44622549705722,12.636048982474076,Left Foot,0,0
3893800,2023-07-24,755bf233-3568-4dfc-afe0-c8af309662cc,108.7,33.5,13.036103712382774,30.423235960119758,Head,1,0
3893800,2023-07-24,a250fa22-c62b-4782-9638-b0ad9b67dec3,108.3,37.4,11.985407794480757,36.25091880222325,Head,1,0
3893800,2023-07-24,1fafda70-578e-455d-a6a8-0a6fbf7da6ba,96.9,32.7,24.226019070412697,17.936737210308372,Right Foot,0,0
3893800,2023-07-24,bb4f64d4-77ad-4107-abe3-861e187c5bd1,95.3,43.0,24.881519246219675,18.14117373802793,Left Foot,0,0
3893800,2023-07-24,10d44197-6ca7-4ff4-a3d0-7c53ce76db61,97.7,27.5,25.56442841136879,15.63297901754937,Right Foot,0,0
3893800,2023-07-24,b80ebaae-65e1-47c1-af29-78bb1ae24b30,108.5,42.5,11.76860229593982,36.90729697441825,Head,1,1
3893800,2023-07-24,4bbdf12d-0ec9-4221-ac50-d77d0e0220da,100.8,57.2,25.77750957714884,13.32558802863811,Right Foot,0,0
3893800,2023-07-24,815322f1-d5d4-4c34-9d1b-bdfdc288749d,117.9,54.3,14.4533733086778,4.977430920603283,Right Foot,0,0
3893816,2023-07-29,d9c2af62-ae49-4720-bad7-25e974349fc0,90.0,51.0,31.953090617340916,13.431028870681667,Right Foot,0,0
3893816,2023-07-29,6893b364-138d-46a3-9f3e-57a23a3a4d1d,108.7,47.3,13.452880732393337,28.720326797869493,Left Foot,0,0
3893816,2023-07-29,40772e9a-0da7-493f-a580-7fe9b6dccbb7,111.2,46.7,11.060289327137875,33.50813325829458,Head,1,0
3893816,2023-07-29,8e7ba985-0d5c-43dd-be1b-1c9bc4eb5ac9,107.9,36.7,12.541929676090511,34.4137651995961,Right Foot,0,0
3893816,2023-07-29,8ad198c8-e468-49c5-9e63-a1d2ee268db0,105.6,44.7,15.147607071745695,28.355951683122225,Left Foot,0,0
3893816,2023-07-29,7cbeb73d-8d21-4196-a450-e99bf1f786de,95.9,24.0,28.927668416241218,13.21857432340324,Left Foot,0,0
3893816,2023-07-29,91573d19-a3c8-4372-9d70-c56ef4fc9747,106.5,31.6,15.899999999999999,24.515918114842254,Right Foot,0,0
3893816,2023-07-29,132355b7-94f8-4976-9efa-5bc075e907ac,99.2,54.6,25.412595302329905,14.799971283644432,Right Foot,0,0
3893816,2023-07-29,b7502e36-e3a2-4b42-84ca-8ee676646a0b,95.3,20.9,31.223388669393337,11.643917830754802,Left Foot,0,0
3893816,2023-07-29,c4c80b2b-8af2-47de-8db9-81332bb78f45,101.3,59.0,26.65876966403364,12.152928734181494,Right Foot,0,0
3893816,2023-07-29,266fb780-058b-4f9f-ba30-12b56d184b38,82.9,55.7,40.28523302650736,10.464789388107501,Right Foot,0,0
3893816,2023-07-29,9f6dce94-6508-402a-8578-58767d28ab6d,114.0,53.0,14.317821063276353,14.250032697803595,Left Foot,0,0
3893816,2023-07-29,48f32a83-593e-434d-81aa-5b1d1f2b20ac,94.1,45.8,26.541476974727694,16.75000519295703,Right Foot,0,0
3893816,2023-07-29,eafb6536-945e-45b4-9c36-20825779573c,112.9,40.0,7.099999999999994,58.792105709886556,Head,1,0
3893816,2023-07-29,8cbab9f6-2df5-465d-aabf-5b89b83e0976,104.6,55.0,21.49790687485645,15.43664549450624,Right Foot,0,0
3893816,2023-07-29,b479be1a-f384-47c6-8f64-8fe9d13a73f6,112.8,52.0,13.994284547628723,17.759467177862497,Right Foot,0,0
3893816,2023-07-29,7aadf21f-2865-44de-9c17-131e7fcf3476,109.4,39.1,10.638138934982935,41.11111671976694,Head,1,0
3893816,2023-07-29,c511b2b5-539f-4a1a-b91d-7f66d70feb74,86.0,50.6,35.614042174400815,12.253756872290992,Right Foot,0,0
3893816,2023-07-29,88b575ae-2976-4711-93f7-3202f0a3c6ab,84.4,35.8,35.846896657869834,12.649222994286646,Right Foot,0,0
3893816,2023-07-29,27b516a0-b920-424b-b867-e35b7fdbad05,103.4,50.1,19.431160541768982,20.16763294487504,Right Foot,0,0
3893816,2023-07-29,de397af2-b085-4c96-bd06-165c7b546e04,106.9,41.5,13.185598204101316,33.579364146425696,Right Foot,0,0
3893816,2023-07-29,aea76b10-d09c-4fb4-a9ce-3069e3cf1636,113.1,38.7,7.021395872616789,58.89906309275077,Head,1,1
3893816,2023-07-29,71fd5020-d48e-4d4f-b0da-c7b5669babfb,92.4,30.3,29.254914117118847,14.729961883271843,Right Foot,0,0
3893816,2023-07-29,3a75e31d-0e5c-49bc-9f81-4533486ef5ba,88.9,42.5,31.200320511174233,14.566391019326563,Right Foot,0,0
3893816,2023-07-29,18bcf57e-6172-4269-ab36-9a77e9c82c7f,112.1,29.7,12.980754985747174,22.51039970564356,Left Foot,0,0
3893816,2023-07-29,931007c7-3a79-40e8-a775-46656812072e,108.6,40.2,11.401754250991386,38.65980825409008,Right Foot,0,0
3893816,2023-07-29,befd6644-7ff3-41fa-b187-f289adea8ae9,103.9,20.7,25.133642792082483,11.815475604262277,Right Foot,0,0
3893816,2023-07-29,62447883-f8ba-4fb0-969d-dbabec0bc161,98.2,46.2,22.6645097012929,19.311786455217224,Right Foot,0,0
3893816,2023-07-29,d6e4e5a7-78ed-488a-a122-0d8c0e59784d,95.7,24.1,29.039628096792146,13.223533894551304,Right Foot,0,0
3893816,2023-07-29,a665d28d-03c8-456c-ae6b-7ace698590ad,95.3,37.3,24.847132631352057,18.189365091922408,Left Foot,0,0
3893816,2023-07-29,e2f19361-ba02-4008-8768-f99ae6bfcd20,107.5,36.2,13.064838307457157,32.88081748631901,Left Foot,0,0
3893816,2023-07-29,3d010c8f-8a44-4375-a307-043f0ad5bcde,96.4,47.3,24.703238654071246,17.625645819462832,Right Foot,0,0
3893816,2023-07-29,54f95850-a20a-41fc-bbed-5404e135e385,101.3,39.9,18.700267377767627,24.147020930130232,Right Foot,0,0
3893830,2023-08-02,f0a2e825-4757-470f-a010-2c1413aecbc8,83.4,46.4,37.1553495475416,12.11092930016211,Right Foot,0,0
3893830,2023-08-02,0d52aad5-c2eb-4e83-b458-1a82a35b24c0,87.2,22.1,37.36642878306676,10.764076849724217,Right Foot,0,0
3893830,2023-08-02,d6ebbb2c-c084-4214-a1c5-00c45eeff23a,109.7,33.6,12.126417442921875,32.160352926786295,Head,1,0
3893830,2023-08-02,3b5f2064-00f7-4402-9fa9-924fca3c66e3,112.4,37.0,8.170679286326193,50.14256077362158,Head,1,0
3893830,2023-08-02,07f35ae7-1c86-4b12-b672-e521a6c57ea6,97.4,37.8,22.70682716717595,19.89465874316353,Left Foot,0,0
3893830,2023-08-02,82b245d4-7a7c-4cc5-8adf-ed512774e50f,93.3,43.7,26.955147931332156,16.73075224991307,Right Foot,0,0
3893830,2023-08-02,245c2565-fec4-4140-895e-7783eec1424d,114.6,40.1,5.400925846556317,73.0455748760598,Head,1,1
3893830,2023-08-02,235ff2c1-ee90-4f62-ab5f-3089ee9cb218,97.8,56.4,27.600724628168734,13.394574967233606,Left Foot,0,0
3893830,2023-08-02,ff63cbd2-e3dd-430f-9a03-36ef2d373ae0,106.5,45.5,14.577379737113251,28.794001311005726,Head,1,0
3893830,2023-08-02,9dc4f3f8-1c5d-4e35-afcc-a94dd0e61d64,115.2,42.5,5.412023651093921,70.90958287967423,Head,1,0
3893833,2023-08-03,91b2051f-7aa9-433d-8e93-fb0d2bb59851,95.8,49.5,25.997884529322768,16.350751144294705,Left Foot,0,0
3893833,2023-08-03,9c8240b2-51a4-4cf2-bce4-bb11a4791195,111.7,44.9,9.63846460801719,40.809263893235084,Right Foot,0,0
3893833,2023-08-03,88531f4a-af28-45d6-bf2d-74095f0bbba7,106.1,41.9,14.029255147726131,31.590527081687043,Right Foot,0,1
3893833,2023-08-03,fb1948bc-6342-49e7-be85-e1d1192bbcc0,107.5,28.3,17.121331723905122,19.84088666498916,Right Foot,0,0
3893833,2023-08-03,97bee472-5336-4919-8a5e-9fbf7ceddafe,110.5,32.8,11.92015100575492,31.07922227191998,Head,1,0
3893833,2023-08-03,4f5acc1e-29f0-4657-a779-4f1cddd4705c,90.0,23.9,34.047173157253454,11.856222165781329,Right Foot,0,0
3893833,2023-08-03,23cdc2bf-67bf-4edd-a377-dc1169626c9f,99.0,33.9,21.868013169924698,19.97474553118729,Left Foot,0,0
3893833,2023-08-03,51eb171c-93ac-4266-9b12-27526751d157,112.9,38.5,7.256721022610689,57.160890422590256,Head,1,1
3893833,2023-08-03,bbc93853-c952-4fcb-a2ff-dcb4ac1c71c9,111.2,42.6,9.176055797563567,45.90938044919915,Left Foot,0,0
3893833,2023-08-03,da740d43-20a7-4328-96f2-8a533452e08a,98.1,27.7,25.11772282672138,15.90354452152174,Right Foot,0,0
3893833,2023-08-03,3323de3a-ba63-45dc-ac20-bade853793d8,112.1,44.3,8.994442728707547,44.239679096792095,Right Foot,0,0
3893833,2023-08-03,92556c88-1252-49f8-9d5c-a91cdf8577b9,112.4,38.9,7.6791926658991905,54.74949202951135,Head,1,0
3893833,2023-08-03,c8995464-9aa0-437e-aa8d-4bbbbae300c0,108.8,34.3,12.56702033100926,32.26409969828897,Head,1,0
3893833,2023-08-03,49761dfc-e778-4b7f-9d44-a04503de6879,100.3,39.4,19.70913493789111,22.935362352109262,Right Foot,0,0
3893833,2023-08-03,820b9f40-b661-487b-9ca1-2718526a5d3d,93.8,53.1,29.292490505247248,13.977791479925177,Right Foot,0,0
3893833,2023-08-03,c149b35d-bf21-4e93-a5bf-9986ba32dc5c,99.9,48.6,21.862525014279566,19.191706526314672,Right Foot,0,0
3901833,2023-08-08,5e5cc43a-b8b3-4f07-bfb9-6c01ad1225bd,110.8,57.4,19.682479518597244,11.209028377393464,Right Foot,0,0
3901833,2023-08-08,45dc5839-9321-473d-a55b-65706275a55c,95.3,29.2,26.95793018760899,15.537207279233286,Right Foot,0,0
3901833,2023-08-08,c77d7909-2c27-4130-a2ed-d9c78a114b74,114.7,39.9,5.300943312279426,74.07245325099605,Head,1,1
3901833,2023-08-08,e83ac76b-8a07-4a27-9fac-ae7fb9a8e709,103.7,48.5,18.383144453547654,22.050133788507658,Right Foot,0,1
3901833,2023-08-08,d486f1eb-babe-4972-864d-405ae7a3acf7,110.7,51.2,14.557815770231468,20.793144414696293,Right Foot,0,1
3901833,2023-08-08,a6aff513-9434-4ecc-96f9-9c331466ab6f,115.3,29.5,11.503912377969506,17.910347427247178,Left Foot,0,0
3901833,2023-08-08,7d8f413b-6ffd-4d2c-a2c0-365ebc7d6a37,97.4,31.7,24.07592158153037,17.784497101823735,Right Foot,0,0
3901833,2023-08-08,1311038a-3994-4356-87b3-684c455233c1,102.9,42.7,17.311845655504204,25.743341864645444,Right Foot,0,0
3901833,2023-08-08,00199404-b24d-4ead-9dba-54dc9404541a,96.8,35.9,23.55949914577982,18.999068764061306,Right Foot,0,0
3901833,2023-08-08,c8c7e4fa-b6a9-454c-a098-b5c32fc28926,112.1,42.8,8.381527307120109,49.35766788482552,Head,1,0
3901833,2023-08-08,f07b315f-8df4-4c41-80f6-0422fbaee5e1,99.6,32.0,21.912553479683744,19.371821907902028,Right Foot,0,0
3901833,2023-08-08,827dd3d1-b480-41e4-903e-76df01c95c12,104.2,40.2,15.80126577208294,28.40942749943359,Left Foot,0,0
3901833,2023-08-08,5c969007-a65d-49a0-bb54-860fe73fc553,110.4,54.1,17.057842770995396,15.605218354149484,Left Foot,0,0
3901833,2023-08-08,fba39642-8265-4806-bf81-a366646c3102,118.1,35.0,5.348831648126534,50.320720859017705,Head,1,1
3901833,2023-08-08,545a6ea2-f73c-47b7-baee-1bb01cdad550,76.7,29.9,44.46234361794259,10.018147345736123,Right Foot,0,0
3901833,2023-08-08,fd50e6ee-cfee-4fda-b0e8-55be6a29dc3e,113.4,40.6,6.627216610312351,62.1306567195453,Right Foot,0,0
3901736,2023-08-07,3e268698-1b99-4678-b73d-b260214e478e,96.0,26.3,27.634941650019815,14.40185742787343,Left Foot,0,0
3901736,2023-08-07,c369a635-17de-4125-b088-952b284ce047,92.5,36.3,27.747792705006287,16.267266531226223,Left Foot,0,0
3901736,2023-08-07,769869e7-6e50-4e03-b392-ba09daa59996,105.2,54.9,21.00119044244873,15.565468993198866,Right Foot,0,0
3901736,2023-08-07,f7222522-0f08-4cda-ad70-c115b29200bb,103.8,35.5,16.813387523042465,25.91778107503141,Right Foot,0,0
3901736,2023-08-07,ce45aff1-09a3-464d-8859-83312246e38d,111.4,28.6,14.280056022299068,20.10834727631916,Left Foot,0,1
3901736,2023-08-07,81e5b5b0-669c-4f90-ba26-d4d0d80c94bc,117.0,35.5,5.408326913195984,61.0976429637982,Head,1,0
3901736,2023-08-07,95a9e110-cc78-4bce-8f51-da659e1b8bf8,108.7,22.4,20.915305400591215,12.10636199047106,Right Foot,0,0
3901736,2023-08-07,e0ab417f-c2a3-4615-8b86-50ff84dfe41d,95.8,48.8,25.750339803583177,16.656668105258667,Right Foot,0,0
3901736,2023-08-07,9332f724-02ba-4348-9662-cc29007d0352,101.6,49.0,20.48316381812146,20.03962784947605,Right Foot,0,0
3901736,2023-08-07,ee9fa8fd-ded7-45d0-99c7-2d68fb8dd422,114.3,37.5,6.224146527838177,63.49529190699669,Left Foot,0,0
3901736,2023-08-07,7e1158f0-cd1a-4dea-8607-7c4951fdb959,113.8,46.8,9.202173656261872,35.8364345691402,Head,1,0
3901736,2023-08-07,3c2495c1-1044-478c-b821-2a95a70c66b1,110.3,46.5,11.676472069936196,32.815526284812854,Right Foot,0,1
3901736,2023-08-07,a2dd30cd-737f-48a4-a495-f9e13f4f6545,99.6,48.4,22.06173157302029,19.121580787332714,Right Foot,0,0
3901736,2023-08-07,195ba055-8b0f-443f-b4d0-10b4c2877756,107.6,34.9,13.407833531186169,31.20444409108877,Head,1,0
3901736,2023-08-07,dbe79e73-aff4-497e-83bf-48505c001dce,95.9,52.5,27.148848962709263,14.969788745013632,Right Foot,0,0
3901736,2023-08-07,df9488e9-55a1-418d-b8d0-6e84ae2e9184,105.0,47.2,16.63850954863446,24.704895809978932,Head,1,0
3901736,2023-08-07,197bb168-c970-4b47-b480-cd4febb5cee4,101.4,43.4,18.908199279677582,23.54271972679149,Right Foot,0,0
3901736,2023-08-07,546c5e86-f29e-456b-9cb5-41f21861f752,106.7,54.1,19.382982226685346,16.4783254905173,Right Foot,0,0
3901736,2023-08-07,b0fee91e-9a5f-47a7-aad6-1072c7e56747,95.6,42.2,24.498979570586208,18.476130708898513,Left Foot,0,0
3901736,2023-08-07,fd39adb5-0b3c-49a9-bccc-b061c203ea56,98.3,26.8,25.39940944195357,15.426130146619345,Right Foot,0,0
3901736,2023-08-07,d1cb6543-4bd9-4421-a27d-0b67fee15c40,94.0,26.3,29.388603233226313,13.786444902671253,Right Foot,0,0
3901736,2023-08-07,61886fd9-7a49-4caf-b8dc-0557ee1fbfa4,102.9,60.0,26.313684652666943,11.433516682524218,Right Foot,0,0
3901736,2023-08-07,cfe9deba-b3fb-4953-9085-5462faa1b52f,96.7,37.7,23.41324411524383,19.303185253127506,Right Foot,0,0
3902968,2023-08-12,93f504dd-f7bb-4ddb-90ca-a2f158bd55b5,106.3,52.1,18.278402556022233,19.01117231341839,Right Foot,0,0
3902968,2023-08-12,738f4570-1b68-49d2-806f-0b434a95a215,109.8,31.1,13.536986370680884,26.00739537393402,Left Foot,0,0
3902968,2023-08-12,15289f11-6ee9-4410-a14e-75ac7bf7a4fd,116.9,41.3,3.361547262794316,100.73120690841257,Right Foot,0,0
3902968,2023-08-12,12842850-cdfb-4362-8978-6b1b7d7231ff,90.8,39.0,29.217118269945793,15.58265695951163,Left Foot,0,0
3902968,2023-08-12,48a3f2eb-22d6-40fd-85a9-4010c49f98b6,97.2,47.1,23.879907872519105,18.216032593922666,Right Foot,0,0
3902968,2023-08-12,0a5697d7-3b69-40f7-a3c3-596d702267f8,101.2,52.6,22.63183598385248,16.862244423176204,Right Foot,0,0
3902968,2023-08-12,f9e0fd92-e51e-46da-a519-f26a7a8ba1e5,111.1,50.4,13.688316185711086,22.56167713340166,Right Foot,0,0
3902968,2023-08-12,291a3b33-e49a-44b9-99d7-1e6c3c883b1c,107.3,42.6,12.963410045200302,33.750895660644055,Head,1,0
3902968,2023-08-12,5526d4d5-2117-4183-bba0-34273608c2b9,99.7,50.3,22.763567382991617,17.920689635026786,Right Foot,0,0
3902968,2023-08-12,140da6ab-a607-4fed-a37b-1c799455e372,87.6,26.3,35.177407522442586,11.980825223883405,Left Foot,0,0
3902968,2023-08-12,2e432850-25e5-4dd8-9c1c-51e5c740151f,111.8,45.6,9.929753269845131,38.45621143434403,Right Foot,0,0
3902968,2023-08-12,45920db1-c2bc-4c20-b040-42dc450586c8,103.6,37.3,16.62077013859467,26.75407293409005,Left Foot,0,0
3902968,2023-08-12,ae04b832-274e-4b96-a28f-b2a4cce127e8,103.8,46.1,17.310401497365685,24.555713453861454,Right Foot,0,0
3902968,2023-08-12,fd29ecf7-ed9f-45d5-bf90-8af0eab92c34,108.6,34.8,12.529964086141675,32.89513249790965,Right Foot,0,0
3902968,2023-08-12,7bec54ce-1437-42d3-980f-25c291c60d65,116.0,33.3,7.803204469959764,35.48330946217169,Left Foot,0,0
3902968,2023-08-12,e3bf4a5e-ffcb-47bf-a9e4-96e37c3c61cf,98.7,49.0,23.12336480705176,18.18638227021592,Left Foot,0,0
3902968,2023-08-12,e8847b8e-8827-4d67-9fe8-3de3b68ae99c,108.9,39.6,11.107204868912785,39.592335868061674,Head,1,0
3902968,2023-08-12,aa1ad16b-46cd-4fa9-a5bb-ca612d6ff952,106.7,40.9,13.330416347586445,33.345262584145345,Left Foot,0,0
3902968,2023-08-12,ca452e30-9186-4efb-897c-d84d717493b4,106.8,31.9,15.48709139896837,25.25533607590889,Left Foot,0,0
3902968,2023-08-12,61715c06-6b36-46cc-983f-b5935ecc6279,112.9,39.5,7.1175838597096925,58.607987716882796,Head,1,0
3902968,2023-08-12,aef9023f-bfc1-4b5d-81e5-f9b222f74a82,116.2,48.8,9.585405573057404,21.83264752751639,Left Foot,0,0
3902968,2023-08-12,f9e5492b-5747-4de3-978c-507e37330ff0,98.7,35.1,21.856349191939625,20.257632399588587,Right Foot,0,0
3902968,2023-08-12,09a02475-5e36-4ff9-960e-bc267d5c4bc8,115.7,34.8,6.747592163134936,49.356211244290755,Head,1,0
3902968,2023-08-12,2933977e-8c0a-4beb-bd37-a5a4d515c1ed,105.9,47.3,15.877657257920635,25.536775803318115,Right Foot,0,0
3902968,2023-08-12,cc046bc7-5ea5-4b80-9cbc-d521e0a01a30,91.9,57.8,33.26334318735866,11.648532807732614,Right Foot,0,0
3902968,2023-08-12,9f8734a0-6120-499d-87a2-49cad0c6cb8e,98.5,24.3,26.622171211229183,13.94396162921486,Left Foot,0,0
3902968,2023-08-12,aebc0113-3e66-4fd1-8a80-da872fdc91c7,98.0,43.1,22.21733557382613,20.228917603558234,Right Foot,0,0
3902968,2023-08-12,26f79869-7f62-4ee8-bada-e9b351593b7e,108.2,44.1,12.491997438360286,33.981742346849856,Head,1,0
3902968,2023-08-12,26f65873-7d58-4225-990c-4a16a0d22893,108.8,41.6,11.313708498984763,38.65980825409008,Head,1,0
3902968,2023-08-12,3d5b6bba-5ff5-4d91-a82c-7318600c6bd1,116.3,34.8,6.382005954243544,50.12215543166103,Right Foot,0,0
3902968,2023-08-12,294e91a5-930f-4ffd-b000-c6d708a9a85b,102.0,33.8,19.037857022259622,22.57052551817955,Right Foot,0,0
3902968,2023-08-12,8aaa46d9-50b4-454c-aa5b-281d1390a94a,100.1,43.5,20.20544481074347,22.08993428739365,Right Foot,0,0
3902968,2023-08-12,0d1581c1-4bb5-45f3-ba88-c3a8b7ca9578,98.8,39.0,21.223571801183706,21.32505832278543,Right Foot,0,0
3902968,2023-08-12,01e81798-4029-4a04-8358-169f879ed45f,114.5,44.9,7.366138744281157,48.99155788550509,Other,0,0
3902968,2023-08-12,160a96ed-19b8-49f9-ac70-39541a1d58c1,97.0,36.8,23.221541723150082,19.374482454194357,Left Foot,0,0
3902968,2023-08-12,bcc0e23e-702c-4a06-a342-99c424ea2f9a,107.4,19.5,24.06262662304346,10.15055785546122,Right Foot,0,0
3902968,2023-08-12,62cc4e7d-9394-4aa6-9f30-18b7efadf9c1,105.3,57.5,22.854758804240312,13.075414856316895,Right Foot,0,0
3893793,2023-07-22,200d1238-641b-46ed-9d55-ad4a73ec77d0,107.4,27.2,17.96106901050157,18.199165053045398,Left Foot,0,0
3893793,2023-07-22,7ea87c2d-67de-4e43-8d89-60e439b17501,108.3,46.6,13.43316790634287,29.647232001606127,Right Foot,0,0
3893793,2023-07-22,c6e69702-7bcd-4680-bbab-0051ffea9ca6,88.4,40.8,31.61012496020855,14.4195237374348,Right Foot,0,0
3893793,2023-07-22,b25d36fa-9908-40ca-859d-a4fd37b8111c,90.7,24.5,33.14724724618924,12.215333508131053,Right Foot,0,0
3893793,2023-07-22,6f66da54-4dbd-4922-80a4-7f315bb1e38c,113.0,37.6,7.3999999999999995,55.31123134814748,Left Foot,0,0
3893793,2023-07-22,156c4b27-df73-45a7-86c8-67b47ea9192b,101.7,25.0,23.661994844053194,15.065352481984032,Left Foot,0,0
3893793,2023-07-22,e75eb8d0-cb24-415d-a92a-1f21f9c67ebe,108.0,52.0,16.97056274847714,19.44003482817619,Right Foot,0,0
3893793,2023-07-22,3cd52345-a15a-4dc5-b274-e9026a02740e,92.9,40.3,27.1016604657353,16.790649476396897,Right Foot,0,0
3893793,2023-07-22,b2001edf-6701-4b1e-bc7a-123dcad105ea,107.1,44.7,13.729530217745987,30.890432052634054,Right Foot,0,1
3893793,2023-07-22,482e9300-b1a7-4cf3-be83-05c7f70ba849,110.2,30.4,13.718600511714012,24.479040985163117,Right Foot,0,0
3893793,2023-07-22,3ad727eb-e64d-4b98-a997-9cde16df159e,115.1,49.2,10.423531071570714,22.93310913058487,Right Foot,0,0
3893793,2023-07-22,66f130d4-bf5e-498c-a98a-1539e9877b7b,114.0,27.6,13.77534028617805,15.442446600069571,Left Foot,0,0
3893793,2023-07-22,50b199de-3be2-4d70-af55-f2fb14be67ea,112.8,38.4,7.375635565834313,56.309932474020194,Other,0,1
3893793,2023-07-22,c4429727-bd88-48ac-9d09-480ec9acbb4c,106.6,42.5,13.631214179228502,32.263963709802795,Right Foot,0,0
3893793,2023-07-22,65486d74-336f-4c16-8730-093ae08b1376,113.5,42.8,7.077428911688197,56.752075979179075,Left Foot,0,1
3893793,2023-07-22,f9270ec7-f15f-4f6d-89bd-55c8c23b8868,108.8,43.0,11.594826432508597,37.10754846044168,Head,1,0
3893793,2023-07-22,c8f1eff4-b92a-4bfb-80b1-f8c39cc39d3a,111.2,31.1,12.515989773086263,26.589487817413083,Left Foot,0,1
3893793,2023-07-22,814d872d-4431-49a5-8934-feabb2da92ab,113.1,40.3,6.906518659932808,60.13231032241249,Head,1,0
3893793,2023-07-22,23dd3e1d-f0bf-4abc-ace1-f40047252179,106.8,49.6,16.321764610482536,22.866380594186083,Right Foot,0,0
3893793,2023-07-22,342761d2-bf23-4482-9b3b-8415088b80dd,110.5,27.4,15.78005069700348,18.06457882803022,Left Foot,0,0
3893793,2023-07-22,4e2deab4-094f-44dc-b3f6-2acb072d2030,113.3,32.0,10.435037134576955,29.986088987334234,Right Foot,0,0
3893793,2023-07-22,e2c6b78d-7756-4b38-85db-e241be5c9f17,107.4,23.6,20.681392603013943,13.756926788494713,Right Foot,0,0
3893793,2023-07-22,fef0b892-e3c5-4cc2-8ab8-8fdaaf5dfb9a,107.4,61.0,24.48999795835026,9.796868159901086,Left Foot,0,0
3893793,2023-07-22,aabcf547-c995-499f-a34b-b7469da5bf87,112.2,45.5,9.544108130150242,39.726676174666146,Right Foot,0,0
3893826,2023-08-01,95867517-18ec-4c58-8b54-b6af012f9b2e,114.5,45.8,7.993122043357024,42.57593226995999,Left Foot,0,0
3893826,2023-08-01,49131440-8c58-48ac-9eee-870a2327e885,115.0,48.5,9.86154146165801,26.21137801783153,Head,1,0
3893826,2023-08-01,830ff763-9970-4d3c-80d1-089c81bbf19c,112.1,30.9,12.050726119201288,26.062719507076924,Left Foot,0,0
3893826,2023-08-01,df09e49e-96d1-43ff-920c-26a5432038bc,100.9,49.6,21.3768566445116,19.11165291849365,Right Foot,0,0
3893826,2023-08-01,db0b5b62-80e1-41b4-9323-5b34ae6236e2,112.4,43.8,8.497058314499194,47.25149496166372,Head,1,0
3893826,2023-08-01,651471f2-f409-49e8-993f-9bdcd1c6ac32,99.4,52.6,24.147877753541817,16.20339201073215,Right Foot,0,0
3893826,2023-08-01,82824bb5-6547-4cb3-bc7e-7f20b51ad0c1,114.4,36.8,6.449806198638837,60.255118703057796,Left Foot,0,0
3893826,2023-08-01,5487faa3-b3f2-47f7-8f39-6f2e9f8e5189,115.1,36.3,6.140032573203507,61.03233935393591,Right Foot,0,0
3893826,2023-08-01,5de3e995-4f77-4fc5-a5ab-e8915d9fb514,89.4,44.1,30.873451378166315,14.639239527388222,Right Foot,0,0
3893826,2023-08-01,a3d6085d-c94c-4e36-995f-38309b9557f3,107.1,36.1,13.476646467129726,31.9275763243206,Right Foot,0,0
3893826,2023-08-01,8c6ed667-7e27-4f1a-a27a-605202a51aef,99.0,37.2,21.18584433059018,21.212935012342243,Left Foot,0,0
3893826,2023-08-01,9cfc5f46-5791-4f8c-ba6f-35c5d66d0360,116.7,52.3,12.734991166074671,10.237227834323921,Right Foot,0,0
3893826,2023-08-01,6eca94b5-00a5-4422-875b-c778de119392,97.7,34.5,22.968238939892625,19.226260045483475,Right Foot,0,0
3893826,2023-08-01,0ce33216-18ea-47e1-b07f-9f5d8b2c2e0c,113.7,39.1,6.363961030678925,64.07509849244558,Head,1,0
3893826,2023-08-01,51458fc8-2468-4e15-a5ee-697e3315c217,112.6,30.7,11.884864324004717,25.297979472633703,Head,1,0
3893826,2023-08-01,7bce9844-3108-47d1-9fa9-e0c9725428a7,115.9,31.8,9.167878707749134,25.73399839145382,Right Foot,0,0
3893826,2023-08-01,3852083a-4f67-4e8a-be7b-354ff4c60fa8,110.0,36.4,10.628264204469138,39.52544402421319,Head,1,0
3893826,2023-08-01,d4502ff9-4805-4330-9350-0ac81ade47f1,111.6,25.2,17.01763790894612,13.799485396019373,Right Foot,0,0
3893826,2023-08-01,2f3ee104-2385-4140-bb30-3f751f78ca95,112.7,23.5,18.04272706660498,10.68423792017903,Left Foot,0,0
3893826,2023-08-01,c28b7cc7-5787-4415-896e-5180c2771b85,102.1,43.1,18.166452598127137,24.514025023674403,Right Foot,0,0
3893826,2023-08-01,12620fb9-24b1-461e-912d-d4501f815403,94.5,55.1,29.63545174280291,13.310721411331055,Right Foot,0,0
3893826,2023-08-01,d2ab2220-1979-4bd3-923f-a8fd3c2a9a97,110.8,32.8,11.682465493208191,31.42033131070984,Other,0,0
3893826,2023-08-01,7a0075e4-3b67-4f46-8b3f-7b50294db9d4,100.0,33.1,21.156795598577776,20.33999683188511,Right Foot,0,0
3893823,2023-07-31,eae28ae6-a650-4a75-90d5-80a872c42d3a,110.7,45.3,10.704204781299726,37.04247477308287,Right Foot,0,1
3893823,2023-07-31,065b7925-05a2-44f0-b1fa-844b9b0ef2e4,106.3,40.3,13.703284277865656,32.538909099881586,Left Foot,0,0
3893823,2023-07-31,033c8dc4-a742-412d-bfec-735d9c0a5b39,109.2,34.9,11.943617542436629,34.301613906675705,Head,1,0
3893823,2023-07-31,b68f979a-8196-444c-b368-379e2c834757,95.8,42.6,24.339268682522082,18.566060217669218,Right Foot,0,0
3893823,2023-07-31,7f90e9a3-a08e-40fe-90d8-c9c118a1d9ca,95.2,38.4,24.851559307214504,18.251895837078543,Right Foot,0,0
3893823,2023-07-31,2fce68a9-79b0-4f67-849a-82e1411483f1,116.4,34.2,6.826419266350399,43.264295411071636,Head,1,0
3893823,2023-07-31,ce349b22-9409-4654-844e-c9a36a806e95,115.2,50.6,11.636150566231086,17.828208332058196,Right Foot,0,0
3893823,2023-07-31,f2184f9f-4fd5-47f9-8493-3c38b2f57b67,114.7,35.1,7.218032973047432,49.58842578582087,Head,1,0
3893823,2023-07-31,7a64a34c-9e27-444a-bbb4-926083434d3a,107.4,41.2,12.657013865837387,34.954669630503325,Right Foot,0,0
3893823,2023-07-31,dc912e8f-2dad-4252-9333-f7c1543c9a5e,112.9,35.6,8.352843827104628,46.56970946011072,Head,1,0
3893823,2023-07-31,65cb1503-1b44-4e4f-b7d9-c53c4f7de6b1,113.3,37.8,7.051950084905597,57.81816035038434,Right Foot,0,0
3893823,2023-07-31,2fb90590-000c-4164-a261-35daa5b1ee95,107.9,38.1,12.248265183282074,35.839838171815806,Head,1,0
3893823,2023-07-31,cc569b80-b183-4716-8911-02ef5df911f7,117.2,41.4,3.1304951684997024,105.47132816552022,Other,0,1
3893823,2023-07-31,e6701b2a-41d6-48a5-b927-46b9674a2318,103.0,32.4,18.62149295840696,22.351203601566834,Right Foot,0,0
3893823,2023-07-31,724c68ac-a443-4044-8355-b4ec0ce3d3dd,100.5,38.9,19.531000998412754,23.11566351593098,Right Foot,0,0
3893823,2023-07-31,70c9e277-ec0e-45e4-b209-f4e7b24856b2,117.9,29.5,10.707940978544848,9.663735676540297,Head,1,0
3893823,2023-07-31,9e10541d-58c3-4e56-b579-172edb1062d4,108.8,37.9,11.395174417269798,38.20276111858582,Head,1,0
3893823,2023-07-31,5dcbbb0c-1171-4a93-a843-c7ea63f647a5,99.3,46.0,21.552030066794174,20.26611257942138,Right Foot,0,0
3893823,2023-07-31,10edfc0a-9704-44fb-ba74-e98a1dd13b4b,108.2,46.5,13.471822445385774,29.701611900120447,Right Foot,0,0
3893823,2023-07-31,bcc8cd7a-eff6-4940-8697-87efca39b62b,102.9,19.5,26.695692536437406,11.109561873321615,Right Foot,0,0
3893823,2023-07-31,878be8a6-c979-4658-b49a-cb4b020104b9,106.6,34.7,14.41006592628917,29.22059755544716,Head,1,0
3893823,2023-07-31,490aae40-34ff-4560-b8fc-a48d75124e10,110.1,26.9,16.42010962204577,17.34244692474878,Right Foot,0,0
3893823,2023-07-31,ad320910-65a0-4929-86b6-0c95b7175429,110.5,28.0,15.305227865013967,19.199369902973356,Left Foot,0,0
3893823,2023-07-31,f81c0bd3-915d-4b7a-8c94-6e96337c649e,113.6,29.7,12.126417442921882,21.34011904423637,Right Foot,0,0
3893823,2023-07-31,537914cd-a670-48c6-9965-cae1ba1ac50a,94.3,27.6,28.535066146760553,14.443372811434992,Right Foot,0,0
3893823,2023-07-31,eeb21886-0f68-424d-b9c3-0bbd670db5b9,109.4,32.5,12.98499133615421,29.05938541463774,Right Foot,0,1
3893823,2023-07-31,7d2c9991-689b-4ef1-9229-1adeb3fd63db,108.5,35.4,12.38587905640936,33.80346157115412,Head,1,0
3893823,2023-07-31,2b07fcf6-a4cf-47d7-bb31-46ff31447f34,109.7,36.9,10.756393447619883,39.573031589028886,Left Foot,0,0
3893823,2023-07-31,d5b89201-177b-44b6-af40-b7fa08f98edb,96.1,49.4,25.682094930125935,16.546304355744372,Right Foot,0,0
3893813,2023-07-28,0db3ffe2-5bea-4b34-802d-3c87a7314e30,97.5,26.5,26.239283526803852,14.984431994849876,Left Foot,0,0
3893813,2023-07-28,49e57914-6161-4988-88a4-5d71a062dc0b,109.6,44.3,11.253888216967507,36.94025503981551,Right Foot,0,0
3893813,2023-07-28,5437ba92-0765-44ec-a9aa-7df0136be32d,115.0,47.4,8.930845424706442,32.10221014302416,Head,1,0
3893813,2023-07-28,6de116a0-47de-4e1a-9bf7-382bf6195bd4,110.8,42.1,9.436630754670867,45.21488258427672,Right Foot,0,0
3893813,2023-07-28,91e0da29-eb42-49d3-aa4d-b49930912007,112.5,49.6,12.182364302548173,24.377085650907976,Right Foot,0,0
3893813,2023-07-28,b3dc5d27-71e8-42f4-b165-7db1fe53aee4,115.0,35.5,6.726812023536855,53.82386194304048,Head,1,0
3893813,2023-07-28,b08a4507-4b39-49d7-8532-fbccf9752653,87.9,52.3,34.37586362551492,12.423638789275214,Right Foot,0,0
3893813,2023-07-28,338d2733-0972-400e-8e3f-98400839ff8f,104.0,44.2,16.54206758540177,26.418979676606465,Right Foot,0,0
3893813,2023-07-28,aa8a58a8-bfba-4048-baff-58e81515caff,113.4,43.5,7.470609078247899,52.98453676349488,Head,1,0
3893813,2023-07-28,6a15377e-d21a-410f-a85d-7fcee0bf419d,99.2,58.3,27.704331791256035,12.484725160199917,Left Foot,0,0
3893813,2023-07-28,a1b47049-4995-4c72-a818-816c1dbdb946,114.5,51.7,12.928263611173778,16.231377451373998,Right Foot,0,0
3893813,2023-07-28,5d52dfde-c13e-46fd-baa1-91efa3abc08a,102.1,56.4,24.27694379447298,14.022840561624974,Right Foot,0,0
3893813,2023-07-28,fbae04a6-10c9-4ba7-9b91-086ae97f9719,109.2,37.5,11.085576214162254,38.94887262844707,Head,1,0
3893790,2023-07-21,4f083c64-b503-4ef3-a20d-6385341a7ccf,101.1,35.4,19.45173514111274,22.648487916594107,Right Foot,0,0
3893790,2023-07-21,a8aa5b6b-6f05-4ee5-8bdd-b291d36d2535,107.5,40.4,12.506398362438324,35.45846904597833,Right Foot,0,0
3893790,2023-07-21,8afb2c4a-dcf9-4913-8d58-d41ac9a8ee06,101.4,45.4,19.36801486988276,22.50648533984071,Right Foot,0,0
3893790,2023-07-21,4716a15f-a453-42bc-8573-bd3f2d2bf64d,94.5,32.1,26.69569253643741,16.321390600675254,Right Foot,0,0
3893790,2023-07-21,89e18493-22f7-4e22-a1b2-eab86bf15933,110.4,40.7,9.625487000666507,45.05600758676798,Head,1,0
3893790,2023-07-21,873a53fd-58f2-4307-b53e-38ad5ea58202,90.4,35.1,30.002833199549666,14.993189623257429,Left Foot,0,0
3893790,2023-07-21,eec398b3-49c3-4a89-b0bc-e716bcc785b9,100.2,20.4,27.860366113890176,11.770094774793401,Right Foot,0,0
3893790,2023-07-21,ef851ac6-64e0-4c48-ab04-b7df6a114d47,107.8,44.9,13.147243057006289,31.89196217232702,Head,1,0
3893790,2023-07-21,6fbf6103-d1e0-4105-b72a-11ad5a4952fc,94.5,31.7,26.816785788009717,16.17887847356162,Right Foot,0,0
3893790,2023-07-21,2a4002d4-15dc-4d84-b040-ea3d62176efc,117.3,25.1,15.142654985173504,5.782392322364047,Right Foot,0,0
3893790,2023-07-21,7e8faaa2-5275-4f67-8178-a67cdefb9022,103.8,18.1,27.240594707164526,10.12071125610326,Right Foot,0,0
3893790,2023-07-21,ac85f952-6eda-4350-9957-04eed357a437,109.4,36.5,11.162884931772785,37.98183713456968,Head,1,0
3893790,2023-07-21,4229e18a-acc4-48c9-973a-d369dd73d084,96.6,45.3,23.99270722532162,18.494818999159904,Left Foot,0,0
3893790,2023-07-21,2a0aa5ad-024d-4a41-9b20-5024fb17102e,113.5,31.9,10.385566907973779,29.51328109007566,Right Foot,0,0
3893790,2023-07-21,a433f956-fb59-4c9e-89f4-0f0c8d286ade,80.7,47.9,40.08615721168593,11.178973296013233,Right Foot,0,0
3893790,2023-07-21,3c6dc232-7903-450c-9cb2-b9d3d44ff150,109.0,31.6,13.840520221436764,26.622461758578872,Left Foot,0,0
3893790,2023-07-21,eff1316f-6112-4f75-88b1-1786b33f6a26,112.0,33.1,10.564563407921787,33.79779998349866,Left Foot,0,0
3893790,2023-07-21,eb9d2641-b0e0-40fc-94af-b9bcb8f43eb6,113.1,34.4,8.886506625215564,41.238061375600495,Right Foot,0,0
3893790,2023-07-21,11be2a90-31e9-4931-8966-9f98320695e5,105.7,58.1,23.067292862405854,12.498241812070848,Left Foot,0,0
3893790,2023-07-21,d6c55471-5236-43f1-afef-11788384008a,103.7,29.4,19.443507913954207,19.80756190566407,Right Foot,0,0
3893790,2023-07-21,b58ce378-c317-4d5e-8c81-f12db3776928,109.9,31.7,13.072872675888796,27.547754914152275,Head,1,0
3893790,2023-07-21,7f20fa8c-3ab6-469c-99d6-0400d7c47b0f,111.0,47.2,11.52562362737913,31.642510069292452,Head,1,0
3893790,2023-07-21,01307841-5260-4aee-b8de-e79fef997cbc,109.4,14.7,27.43082208028042,6.568508182218611,Left Foot,0,0
3893790,2023-07-21,db6812d9-3a15-4b3a-9fd3-c5873c455213,109.5,51.2,15.352198539622918,20.92470251364348,Right Foot,0,0
3893796,2023-07-23,76022ebc-4eec-4ec7-a225-8010392d5fa8,112.3,25.0,16.860901518009054,12.931120731350404,Left Foot,0,0
3893796,2023-07-23,bf414bce-6ffb-45d2-83c9-ff2d4c85e38c,76.6,53.4,45.421580773900864,9.62599910395602,Right Foot,0,0
3893796,2023-07-23,fe98549d-06f7-49b5-ac94-ea8d43d3977c,95.5,41.1,24.5246814454337,18.509489228917523,Right Foot,0,0
3893796,2023-07-23,01015309-66d0-4221-b5c6-66945179f52c,112.6,34.6,9.160785992479033,41.075851551647744,Other,0,0
3893796,2023-07-23,0691ae26-9c19-46d7-87f3-bd5aadf59c82,103.3,27.1,21.102132593650342,17.28636565623799,Right Foot,0,0
3893796,2023-07-23,8d010ebb-e91d-4480-8305-4f7bee74de2f,96.4,25.8,27.54269413111215,14.264757963373855,Right Foot,0,0
3893796,2023-07-23,eb5437ef-1ab0-4e88-a1bb-4754b4914b26,106.8,46.4,14.6696966567138,27.92897870868091,Left Foot,0,0
3893796,2023-07-23,d419f7a8-a05a-47f8-9ab1-62ca08821ef1,114.8,42.8,5.905929224093361,65.58926016050795,Head,1,0
3893796,2023-07-23,ec49b1de-d7f9-4847-883b-b1a284327a16,116.8,43.5,4.7423622805517525,75.77433229224864,Head,1,0
3893796,2023-07-23,95540bdd-8f6e-4ce7-925c-357f53b61066,97.1,36.4,23.18124241709232,19.360553979015187,Right Foot,0,0
3893796,2023-07-23,72899b75-b2de-4163-8dc6-edba4133c0fd,92.6,48.1,28.57218927558755,15.316219354014555,Right Foot,0,0
3893796,2023-07-23,ba029cc8-a803-4566-b7a2-2a1667b8dc5e,113.4,28.2,13.520355024924454,17.565014687292962,Right Foot,0,0
3893796,2023-07-23,26302d4f-ac5c-4250-8ccf-92011aff23db,117.4,43.0,3.9698866482558377,90.66107581158552,Other,0,1
3893796,2023-07-23,1442e21f-e7f8-4341-82d4-9756cbe944da,99.6,66.0,33.04784410517576,8.623218379336228,Right Foot,0,0
3893796,2023-07-23,4b881438-0bd1-47b3-bc43-2f9f6f0a7d24,105.4,36.9,14.925481566770294,29.461186327807916,Left Foot,0,0
3893796,2023-07-23,719e63f7-d4e5-4e96-95f1-e8fd71119612,107.6,40.8,12.42577965360726,35.63155391689415,Left Foot,0,0
3893796,2023-07-23,7f1e55fb-a28c-442d-af83-b0591e617166,109.4,42.3,10.846658471621565,39.83605051557465,Head,1,0
3893796,2023-07-23,c69e1658-073c-400d-9486-6df42e36fce1,112.0,35.3,9.278469701410897,42.3995698632982,Right Foot,0,1
3893796,2023-07-23,5c29fe2b-a19c-4c90-880e-025c20454dfa,110.0,40.8,10.031948963187562,43.38567744936222,Head,1,0
3893796,2023-07-23,2d7db3e0-453c-4bb6-85c6-dbac58341450,105.1,36.6,15.282997088267738,28.716997359400672,Head,1,0
3893796,2023-07-23,81750c6d-9240-46a6-b168-3baf24dd2027,115.7,40.4,4.318564576337834,85.59492632453355,Head,1,1
3893796,2023-07-23,ae1b78bb-c741-4bc3-8911-189eb4969594,86.9,43.3,33.264094756959786,13.648647171948848,Right Foot,0,0
3893796,2023-07-23,a160d910-4f29-42f7-8b52-8910dd5c913f,103.1,33.7,18.036074961032963,23.61091152470867,Left Foot,0,0
3893796,2023-07-23,9d695f3c-6573-453f-baca-59eb2120b45b,108.5,43.4,11.99208072020865,35.747037153543324,Head,1,0
3893796,2023-07-23,976f6281-8226-424a-aac2-ca6b9e0a6886,100.8,37.0,19.432961688841978,23.01247390087992,Left Foot,0,0
3893796,2023-07-23,78c83ffe-bd70-4d71-839c-6b75244e57ec,114.6,42.3,5.869412236331679,66.87347961125118,Head,1,0
3893831,2023-08-02,30b990ed-9f36-4b29-8596-757ca057d423,86.6,47.0,34.12565017695634,13.096295345664915,Right Foot,0,0
3893831,2023-08-02,49b5b395-c2b0-4de0-95b6-86f1b48a852d,101.6,30.9,20.52729889683492,19.9572274147902,Right Foot,0,0
3893831,2023-08-02,4534d5b3-986b-4bb4-8285-383b7a8b1278,114.5,40.4,5.514526271584895,71.86637856917962,Head,1,0
3893831,2023-08-02,21c4bfa5-eb5e-4aa0-999d-01fec95a503e,116.2,42.3,4.441846462902558,83.00492161538176,Left Foot,0,0
3893831,2023-08-02,ec03500b-8130-4938-a16a-d8838b77941b,113.2,40.4,6.811754546370557,60.80251395393556,Right Foot,0,0
3893831,2023-08-02,30c50706-a690-42c9-949f-e5dbe3ec5566,110.5,38.9,9.563472172804186,45.204275649299326,Head,1,0
3893831,2023-08-02,d3a3e1f6-0dd0-4ff7-bdcc-8033c5e1195e,96.3,49.6,25.570490804832044,16.554506164310034,Left Foot,0,0
3893831,2023-08-02,ea3de6d4-0521-4543-ab2f-f0e846b2bebd,101.1,24.5,24.442994906516677,14.576099069530438,Left Foot,0,0
3893831,2023-08-02,e830671f-a835-4413-b4c8-adbcec3b01fd,105.5,34.2,15.616977940690061,26.976890692618145,Head,1,0
3893831,2023-08-02,182d5092-620f-4289-8575-11463efda78f,98.3,50.6,24.150569351466647,17.016096387720335,Right Foot,0,0
3893831,2023-08-02,7fbac336-7e02-477d-a062-e0a4c75516aa,114.0,29.8,11.833849753989611,21.155039395847236,Right Foot,0,0
3893831,2023-08-02,4a8faf31-465e-4119-8b65-09abcbb9a8b9,98.1,34.2,22.655021518418387,19.40929044554789,Right Foot,0,0
3893831,2023-08-02,a76c418c-b546-48f9-a9bc-77973bebe3f5,112.8,23.6,17.91089054179049,10.701350723899154,Left Foot,0,0
3893831,2023-08-02,2abee1af-b8ec-429a-b308-d86a61592885,105.6,24.6,21.083642948978245,15.04719631544506,Right Foot,0,0
3893831,2023-08-02,0f7df842-ff69-4e3d-a259-191952cb08cd,106.5,61.3,25.21785082040101,9.882343624204017,Right Foot,0,0
3893831,2023-08-02,4977e1ff-5345-4621-b550-572cc80bd93d,92.5,27.7,30.125404561598838,13.8616097366244,Left Foot,0,0
3893831,2023-08-02,450b8c01-4b18-4a9d-8b5c-84da807dd011,110.8,29.1,14.263590010933433,21.436860135225153,Left Foot,0,1
3893831,2023-08-02,9467fdcf-b460-40b6-b151-4426047d2577,112.6,38.9,7.481310045707241,55.97400160619741,Head,1,0
3893831,2023-08-02,117666f1-1b6b-4e65-9516-be6542451f5e,115.8,33.8,7.488658090739626,39.97388958430172,Head,1,0
3893831,2023-08-02,61e21796-484a-42bf-8ab5-d09422ae1543,116.7,39.1,3.420526275297411,99.25102957207773,Other,0,1
3893831,2023-08-02,f40a4b26-0d32-4d4e-be68-9498316cb09d,110.3,36.5,10.312128781197414,40.66182678539621,Head,1,0
3893831,2023-08-02,d186b2dc-3b6c-48bc-a867-cc167fd052db,95.4,62.7,33.473123547108656,10.103393537397757,Left Foot,0,0
3893831,2023-08-02,570d3090-e2fd-4387-b671-ed4a3ba751f6,110.1,43.5,10.500476179678715,40.03795629424233,Right Foot,0,0
3893831,2023-08-02,c2d5fc42-69d5-4d13-9a25-bd9bc84c4c28,111.5,43.8,9.310746479203479,43.88884329009399,Right Foot,0,0
3893831,2023-08-02,814c7ad3-02e9-489e-a87d-c39362806f1e,112.9,37.5,7.52728370662352,54.40320526561881,Right Foot,0,1
3893831,2023-08-02,4005de85-8206-4585-b2c3-84d1507bca42,105.0,44.9,15.78005069700348,27.248438274421538,Right Foot,0,0
3893831,2023-08-02,707b5e2e-797b-4eee-bdde-47ce96dce4ec,108.0,43.1,12.393950137062841,34.90054173568659,Head,1,0
3906390,2023-08-20,794cf42d-828c-4b7a-8665-f682fe16572a,107.9,56.3,20.300246303924485,13.732931741674031,Left Foot,0,0
3906390,2023-08-20,4d11233b-219f-4526-977f-2247792f6ff7,104.0,35.4,16.648123017325407,26.110444186408387,Left Foot,0,0
3906390,2023-08-20,3d1dab89-c383-4479-b09e-6b58053f75ef,112.6,37.2,7.912016177940997,51.79151732416032,Left Foot,0,0
3906390,2023-08-20,51072651-8ceb-4af3-b096-b3af9ba5b44d,115.3,46.7,8.184130986244053,36.41041242196963,Right Foot,0,0
3906390,2023-08-20,29e307b6-8b66-41f1-ad9b-f28d7e055271,107.3,53.5,18.534832073693035,17.233426041066217,Left Foot,0,0
3906390,2023-08-20,a7d3f03e-ae8e-4eb1-a70c-bbd9ce44d8e1,107.1,24.5,20.165812654093564,14.797693472393368,Left Foot,0,1
3906390,2023-08-20,e4ffb2b6-6f5f-4c09-862f-3b0a1184ee25,107.1,50.8,16.824089871371946,21.12874969791761,Left Foot,0,0
3906390,2023-08-20,e4c2de73-082c-4684-86db-0693bf95f64f,103.5,59.5,25.544079548889602,11.716156114897775,Left Foot,0,0
3906390,2023-08-20,9b0cf7d1-86ce-427c-8cee-7934f7742ffe,108.3,40.7,11.720921465482142,37.63696568012618,Right Foot,0,0
3906390,2023-08-20,522453c2-0ef4-4b97-94f3-d033200b51ae,98.5,37.9,21.602314690791818,20.88997764859576,Right Foot,0,0
3906390,2023-08-20,ebfd65eb-42f0-4ed7-8d1f-9ee3de9dc1ae,111.3,33.6,10.800462953040487,34.66406039089596,Left Foot,0,0
3906390,2023-08-20,434573bd-4021-4ffe-a946-50307c9cbfbd,96.8,31.0,24.884533349050372,17.101661078859205,Left Foot,0,0
3906390,2023-08-20,75cd1273-415f-49d2-85dc-bf61ba2d9f36,82.6,50.7,38.90051413541986,11.300733298150359,Right Foot,0,0
3906390,2023-08-20,fe0c0079-ef00-4473-a384-3269a3627890,112.6,24.4,17.26615185847733,11.850986889988208,Left Foot,0,0
3906390,2023-08-20,3f550539-9342-4e7b-95f5-841a493fb478,100.7,24.7,24.62884487750085,14.651358571822174,Left Foot,0,0
3906390,2023-08-20,13bfb975-c566-4d4b-8ab9-13f86b171c99,109.3,30.3,14.442298985964806,23.96469730864645,Left Foot,0,0
3906390,2023-08-20,eb4229cc-4b57-4f94-9ddb-cc86be1894d4,114.8,45.1,7.28354309385206,48.31094151461142,Head,1,0
3906390,2023-08-20,42a6f141-e4a6-4425-b81a-d79729b5cf6b,108.8,54.2,18.085353189805282,16.06792440978024,Right Foot,0,0
3906390,2023-08-20,e02d58a5-45f1-4c3e-b5ae-fad12fa4f8ab,99.0,44.7,21.51952601708504,20.594376066771044,Left Foot,0,0
3906390,2023-08-20,2096f125-07f0-410b-b187-c285c46db7fe,105.8,25.4,20.366639388961552,15.899844740905557,Left Foot,0,0
3906390,2023-08-20,300e4e72-2f54-4123-9d6e-3b57e66d4328,110.3,45.5,11.150784725749128,35.612647365956875,Head,1,0
3893804,2023-07-25,e0ef2fe7-673e-42c6-999a-045d544dd6c0,93.6,31.5,27.734635386101623,15.66349046899497,Right Foot,0,0
3893804,2023-07-25,4f80c95a-50b0-4397-a537-dd418b0b7834,110.8,37.4,9.5603347221737,44.307869889015016,Right Foot,0,0
3893804,2023-07-25,b26c4b26-765b-4d05-a2a2-c47147d08240,104.0,42.7,16.22621335986927,27.366576579110905,Head,1,0
3893804,2023-07-25,8e2e4e78-0ba0-4a05-a98d-d9b039edf1fd,115.5,46.2,7.660939890117924,40.14056117105131,Head,1,0
3893804,2023-07-25,b22f39b0-2afd-4035-bfec-39b881afe050,114.9,46.9,8.58020978764505,35.30183190701052,Right Foot,0,0
3893804,2023-07-25,af5a10a7-6bce-469d-a8a0-8bfc0288a1b9,113.3,38.4,6.888396039717812,59.59756128194748,Head,1,0
3893804,2023-07-25,1b630878-7ee8-408d-957b-61e6a6ef3f45,112.9,45.1,8.741853350405732,43.23114806874938,Right Foot,0,0
3893804,2023-07-25,1d82c163-c4fd-4dc4-97f4-a705139b8363,112.2,40.1,7.800640999302554,54.293308599397136,Head,1,0
3893804,2023-07-25,c506d1c2-11c1-483e-94c6-a2e94999e323,106.6,50.5,17.023806859806655,21.380957304634133,Right Foot,0,0
3893804,2023-07-25,04875a47-d234-4b7a-b93f-648e0b5e9124,97.0,23.4,28.364766877236978,13.134206058615664,Right Foot,0,0
3893804,2023-07-25,ba7eab3f-60ef-400e-b6c8-5389318b60d0,105.2,43.5,15.208221460775745,28.808852621382663,Left Foot,0,0
3893804,2023-07-25,0e0d0fd7-2dc4-484b-99b2-3956ae2be655,110.6,37.5,9.72676719162128,43.72994859331684,Right Foot,0,0
3893804,2023-07-25,0d6cbb79-15b0-48cd-88f1-4cdec9c4e401,113.3,35.5,8.070935509592431,47.48568073524018,Head,1,0
3893804,2023-07-25,e187cac7-ffaf-4dcd-b379-65a955909cd8,106.1,32.8,15.65407295242999,25.895808939656884,Right Foot,0,0
3893804,2023-07-25,6a721978-2ea0-4922-bc0b-47f6d70afe9d,102.8,41.1,17.23513852569802,26.086028023464333,Left Foot,0,0
3893804,2023-07-25,8f070027-5edd-4feb-8c1a-8c622a620385,96.8,22.0,29.36392344357273,12.370421510311091,Right Foot,0,0
3893804,2023-07-25,fda47416-9cd7-4511-9305-8c091ff8b1e0,100.2,51.4,22.847319317591722,17.382388881227914,Left Foot,0,0
3893804,2023-07-25,1f01e6bd-e527-413f-9714-9728514d3ae6,118.4,53.7,13.793114224133724,4.201268912016345,Right Foot,0,0
3893804,2023-07-25,d142dbb6-5214-4123-b7f5-f6c0b610eee7,105.4,46.7,16.063934760823695,25.759397278408027,Right Foot,0,0
3893804,2023-07-25,e95c514d-a912-4f10-ba58-6f26d52fc573,108.3,35.6,12.500000000000002,33.71834079262794,Left Foot,0,0
3893804,2023-07-25,c573a6ba-64d6-4335-b646-698e22277a77,114.3,38.6,5.869412236331678,67.97148498921278,Head,1,0
3893791,2023-07-21,d0add5ce-5d49-43fb-9798-d7ddc994ce79,108.7,33.6,12.986531484580473,30.634203505199388,Left Foot,0,0
3893791,2023-07-21,15a061ab-f5c1-4513-8682-f65d9964b70a,115.7,45.9,7.300684899377589,42.683859924735366,Right Foot,0,0
3893791,2023-07-21,3a0c1f71-627a-4fb5-88a0-87caea8672f9,104.3,30.3,18.45480967119412,21.154524485562025,Left Foot,0,0
3893791,2023-07-21,0bd6ce7a-79fe-458e-8864-49a83f2e977d,112.0,40.5,8.0156097709407,52.98713127344809,Head,1,0
3893791,2023-07-21,f46def41-42b0-4558-a32d-a7c81b876fb0,92.3,50.2,29.51829940901068,14.524900014581164,Right Foot,0,0
3893791,2023-07-21,81e2ac9d-92f2-4093-8174-6f834625298e,106.0,39.4,14.012851244482688,31.8394648344083,Head,1,0
3893791,2023-07-21,b6d14c3e-685a-4716-bb43-df818929a9c0,111.8,40.9,8.249242389456139,51.56992927999851,Head,1,0
3893791,2023-07-21,59942d74-4bc4-4082-b77f-33a92aa5f7ef,107.4,43.0,12.952219886953737,33.59237660698381,Right Foot,0,0
3893791,2023-07-21,5921fdaa-496d-4fd0-bc65-1f85d565c4c1,113.0,38.6,7.138627319029898,58.02405585394403,Head,1,0
3893791,2023-07-21,726b655d-7fe8-418a-b39a-c59488b80eab,107.6,43.9,12.998846102635422,32.963133261792045,Left Foot,0,1
3893791,2023-07-21,b6af0202-4795-451b-b837-df207c0e4080,111.0,41.0,9.055385138137417,47.48955292199916,Head,1,0
3893791,2023-07-21,50aea982-3979-4cbc-84ce-e976cab16fe4,98.4,29.2,24.149534156997724,16.94359022280054,Left Foot,0,0
3893791,2023-07-21,a7c6b7e1-a059-4305-9c08-458026da6ff5,109.8,40.2,10.201960595885483,42.812963731358245,Head,1,0
3893791,2023-07-21,8998017d-c116-43f1-ac0e-2dd46033281f,112.2,43.0,8.357032966310468,49.211701474393735,Right Foot,0,0
3893791,2023-07-21,1ab9b56f-8a6d-4ae4-aa18-9b658eb28c91,118.3,35.0,5.281098370604359,48.837944344762036,Head,1,0
3893791,2023-07-21,89209f0c-e019-451a-b4ae-540a42a1e31d,116.3,40.7,3.7656340767525496,93.51848665125517,Left Foot,0,1
3893791,2023-07-21,254d056a-b82e-4234-9673-94617f8decad,100.7,32.4,20.742468512691538,20.44152055601804,Right Foot,0,0
3893791,2023-07-21,bb819087-fec5-486f-a3cb-be2196ccf4f3,107.3,39.4,12.714165328483032,34.8981881021282,Right Foot,0,0
3893791,2023-07-21,8fbbe9ff-c4f7-4f74-8467-e56d05344995,97.1,43.3,23.13655116909174,19.431954676394078,Right Foot,0,0
3893791,2023-07-21,ce482be3-d0ca-4e6d-981f-365dd89d7509,109.9,43.6,10.722406446316047,39.2285099850692,Left Foot,0,0
3893791,2023-07-21,d7df0649-322e-4ff2-b64e-dba72908a126,109.5,38.2,10.653168542738822,40.74906964778737,Head,1,0
3893791,2023-07-21,2d1137f3-8d90-4c1a-9781-0537f27f4518,99.0,34.1,21.81306947680679,20.070701377228936,Right Foot,0,0
3893791,2023-07-21,06cc9f6c-cdca-47f7-a3f1-91c642f25764,107.5,40.8,12.525573839150045,35.36612597501649,Left Foot,0,0
3893791,2023-07-21,54b4fb9f-ed82-43a1-82bf-e6efdc014661,107.1,42.1,13.069812546475184,33.686651267479036,Left Foot,0,0
3893791,2023-07-21,97472a84-bedf-41f6-8fea-51182efdd69f,100.2,51.9,23.100865784641055,17.014019621087318,Left Foot,0,0
3893791,2023-07-21,e4f5ba2f-4654-41f2-b7a2-2e17f68b20f1,116.1,34.4,6.824221567329131,45.58434660134068,Head,1,0
3893791,2023-07-21,f0d80b4a-87dd-4425-9056-c173355cd5b8,109.9,45.1,11.314592347937237,35.80290288031516,Head,1,0
3893791,2023-07-21,0b19fa3d-0404-4f2b-8634-d80334bac49f,98.3,34.0,22.514217730136664,19.475803751361227,Right Foot,0,0
3893791,2023-07-21,f05de71f-05c5-451b-9e2b-4a037abfe44b,105.3,20.0,24.821160327430306,11.087773591748032,Left Foot,0,0
3893791,2023-07-21,d3eb8e84-511b-49eb-a3ff-a847e48ec562,109.7,37.1,10.700467279516346,39.91410733439915,Right Foot,0,0
3893791,2023-07-21,7d2be067-d1e0-4844-8670-d99e441a1916,111.0,48.2,12.17538500417954,28.56672800201392,Right Foot,0,0
3893791,2023-07-21,3558a150-7cd1-4e7e-8fb5-840f0c3b96c7,116.1,33.4,7.666159403508387,36.11012585258611,Right Foot,0,0
3893791,2023-07-21,4b10d87b-98eb-4f11-8a75-9706ae7b98dd,108.8,27.5,16.783622970026467,18.635913266918568,Left Foot,0,0
3893791,2023-07-21,cad7f528-0ed5-4ff7-8581-063dc6652c3b,111.7,41.8,8.492938243034619,49.79111648208949,Head,1,0
3893791,2023-07-21,700445e6-5213-416d-b6ae-5484149fa9a6,97.4,32.2,23.908157603629764,18.025611616774043,Left Foot,0,0
3893791,2023-07-21,a1fbfcec-fa6b-444f-938d-49be6a2b8809,111.3,34.8,10.135580891098451,38.7467114131695,Head,1,0
3893791,2023-07-21,981b246a-94f2-4976-bbdb-9b3d2fc1a89a,101.3,37.5,18.866372200293306,23.753222296656674,Right Foot,0,0
3893791,2023-07-21,638fa834-1951-4804-bca0-242e143d2f7b,109.2,39.1,10.837435120913064,40.4194112951173,Head,1,0
3893791,2023-07-21,3d091bf3-385e-4421-9d42-6c4369a1d339,110.6,44.0,10.215674231297712,40.39990433373671,Head,1,0
3893791,2023-07-21,9369bc02-6307-4a91-989f-cb62ce61c986,91.2,26.8,31.680909077865802,13.130794705771663,Left Foot,0,0
3893791,2023-07-21,27e5a738-6a21-4395-bc6b-83668cfc1eda,107.3,39.7,12.703542812932149,34.94808903211373,Left Foot,0,0
3893791,2023-07-21,bece70f5-525c-4413-b8f6-1961125ce702,102.9,31.2,19.23148460207895,21.136725805476175,Left Foot,0,0
3893791,2023-07-21,c746e844-b21b-44c6-849f-0408b9ac132b,109.6,30.9,13.819189556555049,25.431559071354236,Right Foot,0,0
3893791,2023-07-21,20ff881b-739b-4830-91a1-b7c371b1029e,104.5,45.9,16.584932921178787,25.578275081920886,Right Foot,0,0
3893791,2023-07-21,6f18d7cf-65b2-43f3-9324-e4b818681e5b,107.1,33.1,14.629422408283935,27.52669997598127,Left Foot,0,0
3893791,2023-07-21,36393c50-ee18-43cb-8a49-46bcbb39154c,99.4,28.1,23.790124001358205,16.68098712530906,Left Foot,0,0
3901733,2023-08-05,91daf0d2-6c1a-4e49-b780-f424d604c32a,110.0,37.4,10.332473082471592,41.39442157692516,Left Foot,0,0
3901733,2023-08-05,ff1951e9-c155-45f6-93cf-9c26c7eb7156,97.6,38.0,22.48910847499296,20.09724438153417,Right Foot,0,0
3901733,2023-08-05,86129c30-f300-40d0-9976-3cbabac6d1b6,114.9,42.1,5.515432893255066,70.53499393175693,Right Foot,0,0
3901733,2023-08-05,cfbb8ad2-b931-486b-9ada-0193b68053f3,103.5,44.7,17.156339936011992,25.372185456434163,Left Foot,0,1
3901733,2023-08-05,792f9df1-0a3c-45bc-8241-6d44c1fcf308,115.5,31.2,9.88382517044894,23.782627699104044,Head,1,0
3901733,2023-08-05,93eff7db-72c6-4ccc-8e52-ee535f906713,115.6,43.4,5.560575509783141,67.0296783165052,Head,1,0
3901733,2023-08-05,7875d94c-07eb-4104-a376-f3b81aaddb11,114.1,31.0,10.761505470890217,25.309397091551517,Right Foot,0,0
3901733,2023-08-05,b75e373f-b9e3-48f6-ae2e-3fddd145cae8,108.2,34.7,12.935609765295176,31.956009093757654,Head,1,0
3901733,2023-08-05,fb3977d5-15ec-42b3-beb7-1ed227f7bcce,111.4,44.0,9.484724561103496,42.92996934695892,Head,1,1
3901733,2023-08-05,f9b5dd41-0928-438b-b5ae-de902b0c8cf4,90.0,41.3,30.028153456381563,15.16163916419771,Right Foot,0,0
3901733,2023-08-05,a8996fc5-154a-40a0-bc9d-0d376e9c9781,104.3,36.9,16.003124694883812,27.614757341656148,Left Foot,0,0
3901733,2023-08-05,402aa186-6cb2-4621-b7ae-c6ea4c9fb0c0,103.4,29.8,19.48332620473208,20.06403985486445,Left Foot,0,0
3901733,2023-08-05,5535d000-61fa-4df5-8504-35c0f59ff292,108.7,36.6,11.800423721205943,36.258875792011516,Head,1,0
3901733,2023-08-05,68f9d439-ff28-4369-a58a-371a70972a0e,108.7,42.3,11.531695452100697,37.696191976807214,Left Foot,0,1
3901733,2023-08-05,0d3bac3e-40c5-4705-9545-1761417be713,115.3,36.8,5.6859475903318035,66.52428352972342,Head,1,0
3901733,2023-08-05,d4db5758-b315-4980-b71f-657c2810cb5a,113.7,37.8,6.673080248281147,60.487039442922445,Head,1,0
3901733,2023-08-05,c7b30e95-5f64-4e43-b673-d737b58a7cb1,112.9,38.8,7.200694410957872,57.74143737352165,Other,0,0
3901733,2023-08-05,24d0e03c-b9ad-456c-8efc-755602b2a355,114.6,39.4,5.433231082882456,72.62181267481233,Right Foot,0,1
3901733,2023-08-05,6add8d59-a0e7-49cc-b354-f4aa45f27a89,91.7,38.4,28.345193596093146,16.040489354573523,Left Foot,0,0
3901733,2023-08-05,00910ef3-d228-45bd-b572-bfe291edb12e,96.6,53.7,27.115493725912504,14.588765431899608,Left Foot,0,0
3901733,2023-08-05,ff52b6ce-c633-4d79-a8a8-47859f834e25,110.0,43.1,10.469479452198184,40.51751640176032,Right Foot,0,0
3901733,2023-08-05,31f0f8d0-c160-4cd6-88fe-b37d5dfffab3,95.1,47.8,26.093102536877446,16.6790810797828,Right Foot,0,0
3901733,2023-08-05,78fdacb5-bac8-4c05-acb5-d0b33a9b746e,101.8,52.0,21.8,17.590986751017006,Left Foot,0,0
3901733,2023-08-05,418d2b1c-af78-48cc-bdd0-fcd51f18251f,107.8,49.5,15.462535367784938,23.62897354093341,Left Foot,0,1
3901733,2023-08-05,3e5d3a1a-eb96-4399-8e1a-8534f5288811,95.6,39.7,24.401844192601516,18.61718763533469,Left Foot,0,0
3901733,2023-08-05,a09ead2a-1830-4b90-8944-aa1e2b35dfe6,103.1,20.2,26.03171143048417,11.548701637641756,Right Foot,0,0
3901733,2023-08-05,a8f2091d-e789-4c00-aec3-f119e4b10a96,88.6,59.6,37.01513204082893,10.509354842028127,Right Foot,0,0
3893810,2023-07-27,aec545ec-c14d-4068-be80-da21dba0a193,99.5,39.4,20.508778608196053,22.06411941372062,Right Foot,0,0
3893810,2023-07-27,6c2c1d07-258e-43d4-a54c-b24e6e770a4a,111.1,49.5,13.017680284904838,24.889628841280995,Right Foot,0,0
3893810,2023-07-27,648a3387-33f2-49ae-ba79-01d03898f142,108.5,46.1,13.017680284904834,30.942887754874082,Right Foot,0,0
3893810,2023-07-27,7c8d7b78-a6d7-4f37-baf3-bef904d43e42,112.7,38.4,7.4732857566133495,55.69181838609576,Right Foot,0,1
3893810,2023-07-27,7adb26cd-0af6-4cf5-a8c7-56ebd7fd3602,107.2,36.9,13.170041761513133,33.038574520885916,Left Foot,0,0
3893810,2023-07-27,ff6102ef-f81f-40b7-9323-5e7913197431,105.3,33.8,15.953996364547665,26.244207415116676,Left Foot,0,0
3893810,2023-07-27,ac1c3437-162c-4e31-9626-631962057700,110.7,53.3,16.228986413205227,16.738758558427644,Right Foot,0,0
3893810,2023-07-27,7d56e3d2-d95b-413d-8578-a85c7c0f0533,106.1,44.2,14.520674915443847,29.713204296983484,Right Foot,0,1
3893810,2023-07-27,447fcefb-787b-49ed-82a6-e939609e6dd7,110.0,46.6,11.981652640600128,32.09412125025457,Right Foot,0,0
3893810,2023-07-27,ff86470b-67fb-4076-99e3-c7e0d75fe833,115.9,29.3,11.458621208504972,15.879742463961298,Right Foot,0,0
3893810,2023-07-27,6a743f2d-326a-4037-b8dd-25ef52cfcba8,106.3,51.7,18.016103907338017,19.5537826394068,Left Foot,0,0
3893810,2023-07-27,b9de0941-5c76-4097-8fef-a69d047dae4e,90.7,40.4,29.302730248220897,15.544974897133981,Right Foot,0,0
3893810,2023-07-27,b99b23d1-3517-42f1-80f9-985d58b45fa0,96.5,53.5,27.101660465735304,14.663066471653805,Right Foot,0,0
3893810,2023-07-27,5dd151c4-2328-4d42-91c7-a6c49202b090,107.8,40.7,12.220065466273086,36.20481043567926,Head,1,0
3893810,2023-07-27,55121767-8c70-441b-a1f7-aa7dd2289726,112.9,42.9,7.669419795525599,52.98833723274673,Right Foot,0,0
3893810,2023-07-27,c93d2480-63f1-4de0-b889-00ef8252d38f,91.6,36.8,28.579713084634008,15.839502831632975,Right Foot,0,0
3893810,2023-07-27,502223e4-6129-4a3a-a5ec-fdecc5e703d6,100.5,22.9,25.935689695861186,13.363790603823354,Left Foot,0,0
3893810,2023-07-27,97cab722-ff2e-4434-84da-63c0eda9d989,108.6,22.2,21.137644144984563,11.952990115906532,Left Foot,0,0
3893810,2023-07-27,63631e9b-2e81-4333-97df-9646c003ccff,107.9,23.1,20.785090810482398,13.098577672195495,Right Foot,0,0
3893810,2023-07-27,bbe7b88e-56bc-462c-a719-cc342d3a8e39,115.9,40.9,4.197618372363065,87.1724451570562,Head,1,0
3893810,2023-07-27,fd3b26b6-9ecc-4bdc-9d45-036bd16525c0,102.8,33.7,18.317477992343818,23.29828188186694,Head,1,0
3893810,2023-07-27,29e9d370-5e17-41e8-959a-0c8deb1b60c5,110.1,49.0,13.37946187258666,25.913251786060457,Right Foot,0,0
3893810,2023-07-27,ac32d11b-440e-4095-9094-adfd0df97716,117.4,49.5,9.849365461794987,14.400110972389628,Right Foot,0,0
3893810,2023-07-27,24e37cf6-83de-48f2-b61b-dae4832c5688,103.5,28.0,20.402205763103165,18.252239209323346,Left Foot,0,0
3893810,2023-07-27,32e3ed74-33a9-49b4-81a2-935bcca33929,115.5,31.5,9.617692030835672,25.20112364547507,Right Foot,0,0
3893810,2023-07-27,96a4e150-ed5a-4f53-9f01-ad82d4ba206b,96.3,37.2,23.86482767589157,18.907811982436375,Right Foot,0,0
3893810,2023-07-27,acd1d417-df85-4327-8803-050b7ba2c51e,84.5,43.2,35.643933565194516,12.755991069659853,Right Foot,0,0
3893810,2023-07-27,b054c194-27ca-46d1-9ac8-788aa2d79289,92.3,48.7,29.034117861577958,15.000735420048493,Right Foot,0,0
3893810,2023-07-27,35d48c9b-2590-41f0-a22a-0548c27bb7c1,111.8,39.0,8.260750571225357,51.468236332013255,Head,1,0
3893810,2023-07-27,cde1af9e-5995-4b3d-ad97-2f8d80f5343f,91.2,47.9,29.863857754817943,14.738249666181856,Right Foot,0,0
3893810,2023-07-27,091c91cb-0dc9-4b7f-b6fd-4760f9540aa3,101.9,41.7,18.179658962697836,24.72197442796604,Right Foot,0,0
3893810,2023-07-27,d2ffad2a-a8cb-4116-ae3d-9d88eb8e41ea,117.8,53.2,13.382077566656086,6.15966272807639,Right Foot,0,0
3893810,2023-07-27,ffd30af2-ec99-4a97-9c2f-96b2f0f5db31,103.6,45.4,17.26615185847733,24.940798782467027,Right Foot,0,0
3893810,2023-07-27,a02ea063-c52a-43ba-bde2-f7bfb0f04163,110.7,24.8,17.81937148162078,13.86039950882255,Right Foot,0,0
3893787,2023-07-20,a307e37d-de1c-4057-a2fa-0e4f8fdc5b52,91.7,43.5,28.515609760269896,15.855360537011304,Right Foot,0,0
3893787,2023-07-20,021924fd-7117-405f-b9ed-0bec7e114f1b,106.9,33.3,14.713938969562157,27.595765587150026,Right Foot,0,0
3893787,2023-07-20,f91a6223-3279-44e1-ae28-fac6f9907718,105.7,37.3,14.55266298654648,30.298997572969153,Head,1,0
3893787,2023-07-20,5df753cf-1dc3-4158-a615-d94a435b0dd3,107.7,33.9,13.729530217745978,29.701938993187397,Right Foot,0,0
3893787,2023-07-20,fc44eac9-bf1a-4501-99b7-858fe148c850,94.6,56.9,30.508523399207643,12.523900051180814,Left Foot,0,0
3893787,2023-07-20,71c07b1e-ff9d-45c6-8d9c-e9f749f1f62c,109.6,46.1,12.056948204251361,32.745745501190854,Right Foot,0,0
3893787,2023-07-20,e2dd6853-ca88-43fc-b3c4-d41361c447d0,113.3,51.4,13.223085872821065,18.645693454058783,Right Foot,0,0
3893787,2023-07-20,43c94479-5888-4c0c-b38d-4965257678c8,106.2,57.8,22.522877258467663,12.665063765042364,Left Foot,0,0
3893787,2023-07-20,ac278eeb-87a6-49af-b5e1-404b440d13fe,111.2,41.6,8.944271909999156,47.726310993906274,Head,1,0
3893787,2023-07-20,5f712b3f-c5de-4569-b000-61e9e09deb46,112.7,40.8,7.343704787094859,56.996828171835695,Right Foot,0,1
3893787,2023-07-20,01d7da67-adc3-4118-b694-f57042b1fa6c,105.5,59.1,23.980408670412604,11.722034604954553,Right Foot,0,0
3893787,2023-07-20,8b0bbb48-a06c-494d-8520-3b3ffb9fa9b2,94.4,38.3,25.65638322133499,17.68638713367147,Right Foot,0,0
3893787,2023-07-20,593386ee-334a-45c6-8eb9-9c2b7e9b8a9e,112.2,36.1,8.720665112249177,46.09945736998548,Right Foot,0,0
3893787,2023-07-20,85a787af-6ddd-4be9-a61f-6034b0e41fb3,102.3,50.6,20.63128692059708,19.068268079660925,Right Foot,0,0
3893787,2023-07-20,e0b21f86-294b-43e6-b878-5d1da961141d,101.7,56.8,24.842101360392196,13.687431093200964,Left Foot,0,0
3893787,2023-07-20,ccfa3a23-ac8b-4b17-aa29-02737e29eca3,104.4,46.1,16.750223879100837,25.25366475157084,Right Foot,0,0
3893787,2023-07-20,2d690e9d-3407-4e1a-b4da-73d079773ec4,97.3,24.6,27.430822080280425,13.85212228036295,Right Foot,0,0
3893787,2023-07-20,bea177da-9141-4a0b-a33a-fef325d81e7f,100.3,44.7,20.252901026766516,21.792386923710534,Right Foot,0,0
3893787,2023-07-20,0930a60c-9739-4b79-9aa6-7284e7555d02,98.1,29.0,24.507345837523903,16.68278845710112,Right Foot,0,0
3893787,2023-07-20,d23ce439-b7e6-4404-8ccb-226dddc0ef60,108.5,46.3,13.1125893705248,30.53935111271205,Head,1,0
3893787,2023-07-20,c465f03b-33b9-416e-adc9-ae49d67c2513,109.2,41.0,10.846197490364997,40.36650010220945,Left Foot,0,0
3893787,2023-07-20,ecdf3d82-104d-45cd-9632-cde95a1c9209,113.4,33.5,9.263368717696599,37.101624583034265,Left Foot,0,0
3893787,2023-07-20,4c3a9792-40e8-4ae6-ad97-740359a430a6,107.0,43.6,13.4892549831338,32.07360425034213,Left Foot,0,0
3893787,2023-07-20,da5eb8db-4273-46c2-b688-38e9eff71ad9,106.8,37.0,13.536617007214176,32.26945680972711,Head,1,0
3893820,2023-07-30,ea3afbd6-966a-496b-a4d2-9273b26867da,103.5,56.1,23.053416232740865,14.363742852682039,Left Foot,0,0
3893820,2023-07-30,9fd35bfa-ccae-4cef-a3bf-d9bdba7bc570,116.8,31.8,8.802272433866156,22.60662899847154,Left Foot,0,1
3893820,2023-07-30,8713ce91-da01-472b-88b5-62a4e608f1c1,109.9,32.1,12.822636234409828,28.5639177805165,Right Foot,0,0
3893820,2023-07-30,d5bcaa2c-7de0-4747-ba3e-b9d21041ea23,113.2,44.6,8.209750300709516,46.62420882173046,Head,1,0
3893820,2023-07-30,255f8664-6f42-4c3f-bee3-fad5cd075538,95.0,52.6,27.995713957675736,14.600943416366775,Right Foot,0,0
3893820,2023-07-30,4e0975d7-4266-4808-8c4a-ed34b519aacc,112.4,34.2,9.560334722173689,38.88152573949251,Head,1,1
3893820,2023-07-30,e3ddd11a-699c-4c56-83cb-9b72b1a900fd,111.8,39.9,8.200609733428365,52.001267557495325,Head,1,0
3893820,2023-07-30,ee69bde1-cc70-4e30-b55a-5d4508cb420d,91.8,33.4,28.962044126753213,15.332866947780637,Left Foot,0,0
3893820,2023-07-30,c23515dd-0092-4aa6-835e-57e3662a2da4,116.6,42.3,4.104875150354761,88.21008939175388,Right Foot,0,0
3893820,2023-07-30,f72d4410-63b5-4c9a-8608-c46804f6c0e4,106.6,39.5,13.409325113517092,33.20140562511922,Right Foot,0,0
3893820,2023-07-30,32ce3112-12a6-4715-b73d-01575bdce887,94.2,56.0,30.35852433831394,12.838715577546207,Right Foot,0,1
3893820,2023-07-30,2d5dbcf6-f675-46b4-aaba-0f84a14f6153,99.1,32.3,22.273302404448252,19.20122304595478,Right Foot,0,0
3893820,2023-07-30,bd35603d-7381-43d4-9de7-87d9e1ba82e4,102.9,32.2,18.794946129212494,22.079137701431797,Left Foot,0,0
3893820,2023-07-30,a21015a4-8136-4386-8744-c2d290572265,91.3,43.8,28.950474952926076,15.603696701060594,Left Foot,0,0
3893820,2023-07-30,1ede9f3c-e2a9-4c59-bd60-e08e9139ff39,109.0,30.3,14.665946952038249,23.845963137746576,Left Foot,0,0
3893820,2023-07-30,e2e0a765-0b70-475b-bc7c-c9b80c8677fd,103.7,43.7,16.714664220378463,26.340109988223787,Left Foot,0,0
3893820,2023-07-30,18145aff-a4ea-4972-980e-b48203a95030,107.0,22.2,22.041778512633684,12.481282504882444,Left Foot,0,0
3893820,2023-07-30,5b924685-bf61-4f21-a8a8-b4688568009b,101.3,33.1,19.932385707686876,21.422162007482402,Right Foot,0,0
3893820,2023-07-30,da4e14d0-2bd8-44ea-beef-aaf29564f92a,107.9,52.1,17.11198410471445,19.274002663709627,Left Foot,0,0
3893820,2023-07-30,314f1a82-e544-4b19-a962-aae9d30e60b4,99.8,50.8,22.90589443789524,17.624271243465532,Right Foot,0,0
3893820,2023-07-30,b7ed3265-3443-42d0-966d-84501ac61c65,96.8,48.4,24.67387282126582,17.38483828238337,Right Foot,0,0
3893820,2023-07-30,5273b136-d266-4777-be53-81256d76f768,98.7,59.4,28.81058833137567,11.822664434773666,Right Foot,0,0
3893820,2023-07-30,6df1e151-3d27-48f7-a720-05397a03d4a5,107.5,42.6,12.767536959022285,34.22454925519781,Right Foot,0,0
3893820,2023-07-30,3bc648ac-9e83-46b9-8203-b08c9eaaa3cc,104.1,44.0,16.39542619147182,26.709010119149987,Left Foot,0,0
3893820,2023-07-30,8dae4866-2c8b-4049-856f-6bca261137da,103.5,27.0,21.005951537600005,17.244637730301505,Right Foot,0,0
3893820,2023-07-30,a6c7f817-2e66-48a5-8190-8b25818ed91f,118.3,48.3,8.47230783199005,13.702231639464124,Head,1,0
3893820,2023-07-30,6bb418a9-f8fc-499b-a297-7166b2fa1e85,109.7,47.6,12.800390619039716,29.131868610159735,Left Foot,0,0
3893820,2023-07-30,444d392a-8956-4385-bd02-414e8da70ae7,103.3,51.9,20.50609665440988,18.277578285394707,Left Foot,0,0
3893820,2023-07-30,b42a1341-48eb-44bb-b6e0-d4991c966e91,117.0,28.6,11.788129622633098,11.044443598667081,Left Foot,0,0
3893820,2023-07-30,96200f4d-305c-49d4-954b-d9df6bb6cd18,111.0,46.3,10.98590005416033,34.51804503408196,Head,1,1
3893820,2023-07-30,4414647f-b59e-4c93-962d-34bde23f8c6d,93.7,58.8,32.32847042468913,11.554580398130245,Right Foot,0,0
3893820,2023-07-30,fdb49731-eb25-4754-b705-806cf5a3a3ff,101.2,46.1,19.764867821465437,21.87256632504055,Right Foot,0,0
3893820,2023-07-30,2a01d26e-d0a7-4988-ad4d-11f13e7fdbb6,114.1,39.3,5.941380311005185,67.7604303117659,Right Foot,0,0
3893820,2023-07-30,978d6194-ea20-4981-b381-11c5d5ab1509,109.7,35.3,11.321660655575222,36.29853954546039,Left Foot,0,0
3893817,2023-07-30,2e409202-ea0a-421e-8366-0f74d6392c9d,98.7,39.6,21.30375553746334,21.264712480966722,Right Foot,0,0
3893817,2023-07-30,e9e2eceb-452a-49d5-8ba7-ee448a5f08b2,106.8,22.7,21.76074447255884,12.996537415872876,Left Foot,0,0
3893817,2023-07-30,c3f59d0f-a1a7-42bd-8ad3-b9b0d9b730b0,109.7,35.7,11.161541112229974,37.194406602444715,Right Foot,0,0
3893817,2023-07-30,0792110f-7d19-42db-8cc0-bcab832012f8,102.4,45.2,18.352111595127134,23.696802126261833,Right Foot,0,0
3893817,2023-07-30,f5f51ae8-6cdc-4fe7-8cc0-e0bc5d8b335c,110.2,41.5,9.914131328563283,43.61324874474509,Right Foot,0,0
3893817,2023-07-30,d3e409e1-cdf1-4474-978e-cfe4426bf01a,112.4,26.8,15.231546211727814,15.720927785822768,Left Foot,0,0
3893817,2023-07-30,3d027e80-3eef-456d-a61c-0983acbd347c,105.4,38.3,14.698639392814556,30.278691753296744,Right Foot,0,0
3893817,2023-07-30,2474a744-2788-4f1c-ba14-2bf2a087a519,97.7,19.6,30.223335355317747,11.243004638387273,Right Foot,0,0
3893817,2023-07-30,3f9524a7-5c03-4d93-965c-2cebabaf474c,102.8,36.4,17.57270610919104,25.170960037041358,Right Foot,0,0
3893817,2023-07-30,e58dcd86-e750-4721-9b32-613594b74529,107.9,45.7,13.37535046269816,30.72003444003479,Head,1,0
3893817,2023-07-30,00872ef8-8756-4adc-afd9-637b9d759df5,104.5,18.9,26.18129103004663,10.493622299553838,Right Foot,0,0
3893817,2023-07-30,3afc9c69-a799-4252-8d37-b7e29f1d735d,104.8,57.0,22.804385543136217,13.563470746808473,Right Foot,0,0
3893817,2023-07-30,28847328-9dfa-4b16-a26b-7cd6e65a22e1,110.6,39.5,9.413288479590971,46.00386228266229,Head,1,0
3893817,2023-07-30,d461edc9-368e-47f8-b011-bafb2881b321,96.0,49.1,25.667294364618957,16.63028416945026,Right Foot,0,0
3904629,2023-08-16,fcc34ae6-3c19-4bd9-b967-d632f684dde7,111.1,30.9,12.728707711311472,25.994068202521103,Right Foot,0,0
3904629,2023-08-16,28207cdc-c5f8-49b3-afbd-c408e20d6e19,113.3,34.1,8.92748564826626,40.07874176386118,Head,1,0
3904629,2023-08-16,89810b62-3af1-4178-9965-cace0c21c6a3,112.3,37.3,8.159656855530143,50.610448782781894,Head,1,0
3904629,2023-08-16,aacb6d9c-c2b9-42e8-8bab-a036feab35bc,107.9,29.8,15.825612152457163,22.434810684070197,Left Foot,0,0
3904629,2023-08-16,88f97ac2-9c4e-43a3-9bce-471f146c0777,112.0,38.1,8.222530024268686,51.11707846745511,Head,1,0
3904629,2023-08-16,d2e34549-6919-4c35-b64b-d9a7ee2ea25c,109.6,59.3,21.923731434224422,10.151770028189837,Right Foot,0,0
3904629,2023-08-16,b5cb55ee-8540-4266-be00-08ad3324bc0d,112.7,38.8,7.39797269527267,56.448262077422804,Head,1,0
3904629,2023-08-16,29829db0-fe0a-4298-9474-e30ab72a4e38,114.8,28.9,12.257650672131266,17.216622032834593,Right Foot,0,0
3904629,2023-08-16,e78cec12-dd49-42be-8e84-08da4a51e27f,107.8,26.7,18.047991578012223,17.49032562107851,Right Foot,0,1
3904629,2023-08-16,b9f332aa-4bb5-4c75-ab75-2a986cfcbebc,93.7,42.7,26.43822989536175,17.122062670308722,Left Foot,0,0
3904629,2023-08-16,50bab4fc-ed55-4409-9054-87c5f1b02e7e,107.8,41.2,12.258874336577566,36.01113279751422,Head,1,0
3904629,2023-08-16,82f66159-d255-4688-8b03-cf1eb851029b,111.2,34.5,10.377379245262262,37.51721843163474,Head,1,0
3904629,2023-08-16,9411ac5b-095c-4304-b9da-00526886e4bc,95.2,53.7,28.332490183533107,14.153906786207223,Left Foot,0,0
3904629,2023-08-16,c728a152-77f2-4cc7-b18a-1fcd9814063e,113.4,36.8,7.3348483283568955,54.40078004102386,Head,1,0
3904629,2023-08-16,17043574-12a6-401a-9291-1eafdb50043f,96.1,48.3,25.300197627686632,17.033030034200568,Right Foot,0,1
3904629,2023-08-16,22cc2910-df0e-49dd-ba1b-7e8a5afee92d,111.6,25.3,16.930741271426957,13.944056043478092,Right Foot,0,0
3904629,2023-08-16,ebb217e9-ee95-463a-9e90-72a98b424239,106.8,41.1,13.245754036671528,33.51557580675338,Head,1,0
3904629,2023-08-16,9b101fab-0d2a-4f0f-b1e1-c18bcdfa70a5,112.3,36.4,8.500000000000004,47.59925419575727,Head,1,0
3904629,2023-08-16,aac433d2-9144-44c3-a829-2b5f9a3cc9be,111.3,31.8,11.9553335377981,28.737444364926965,Left Foot,0,1
3904629,2023-08-16,ee6c5419-6435-428e-bf32-ee5f1e7b0f69,88.9,51.5,33.15810609790613,12.932883750060565,Right Foot,0,0
3904629,2023-08-16,0adcc403-17cf-4e87-9f3f-76c23b494917,91.7,45.3,28.792012781325308,15.561543441299577,Right Foot,0,0
3904629,2023-08-16,f6964d5d-e478-4174-bd61-8d8ab7f00101,111.5,36.2,9.310746479203479,43.88884329009399,Head,1,0
3904629,2023-08-16,a8606946-dfbe-45c6-a569-9514dbd1a18f,114.1,37.4,6.447480127925954,61.55394304430083,Head,1,0
3904629,2023-08-16,0206ce92-c11b-4187-90b4-dac1dbb77dd2,105.0,52.5,19.525624189766635,18.18752873434817,Right Foot,0,0
3904629,2023-08-16,e029b86a-9b07-4024-a54f-4f0f335814c1,97.8,51.8,25.141201244172883,16.080909343418984,Left Foot,0,0
3904629,2023-08-16,171a3e24-779f-4c97-bee8-c77010c41673,114.1,42.5,6.407807737440323,62.03472809528006,Right Foot,0,0
3904629,2023-08-16,e163c334-cf32-4841-95ab-aa1baf8ce41d,109.8,52.3,15.97904878270293,18.826903480905358,Right Foot,0,1
3906389,2023-08-19,4fe602b2-a356-4f0e-a45c-e6a8b5927c10,107.7,51.2,16.635203635663736,20.67660238440936,Right Foot,0,0
3906389,2023-08-19,35d45877-5f14-4cc1-aa63-e5604f59400d,100.1,53.6,24.103319273494268,15.737033415620099,Right Foot,0,0
3906389,2023-08-19,e6f1ed72-7be5-4223-915d-b576e4ede137,110.8,39.9,9.200543462209179,46.992968128093544,Head,1,0
3906389,2023-08-19,422917f2-0896-4472-9ad9-7dc8c944f8b8,112.3,25.6,16.329421300217593,13.807427673541449,Right Foot,0,0
3906389,2023-08-19,6a3fe1ef-7f45-4159-b8da-1389ff9b9518,107.8,50.2,15.90220110550738,22.392785919387695,Right Foot,0,0
3906389,2023-08-19,4bc91b47-98af-4993-8843-c1c101cc6c0d,104.5,44.4,16.11241757155021,26.976562821100973,Head,1,0
3906389,2023-08-19,b7ca1df6-17e6-4d6e-93cc-bde156b64939,94.8,42.4,25.314027731674788,17.8829834372918,Right Foot,0,0
3906389,2023-08-19,624a38ce-3db6-4ac9-8774-c3c47d236ac2,107.2,36.5,13.269890730522235,32.604616047586255,Right Foot,0,0
3906389,2023-08-19,73290c73-c25f-40c3-8e2c-e5a735d1ab79,98.9,59.9,29.00379285541806,11.560464007135854,Right Foot,0,0
3906389,2023-08-19,d4bae42e-034b-4938-bb0c-3c545c473c48,103.4,34.2,17.584083712266608,24.367348312266177,Right Foot,0,0
3906389,2023-08-19,387e604b-caed-458b-a1e7-c96c28d1e1bf,95.2,58.8,31.120411308335882,11.766367183486663,Right Foot,0,0
3906389,2023-08-19,c7d0e606-29e2-4f11-aac1-229b50588915,110.0,33.5,11.926860441876563,32.360937559369894,Right Foot,0,0
3906389,2023-08-19,827792ef-94a4-4acb-bd8e-be0700481a96,107.9,51.7,16.831518053936783,19.907343551825328,Right Foot,0,0
3906389,2023-08-19,1cdbe843-40d4-412a-bb5f-a99b086aed77,106.7,59.4,23.52126697267815,11.20222026945353,Right Foot,0,0
3906389,2023-08-19,e5e59e86-b66c-4292-8697-4c8fb5c2af04,102.0,21.3,25.955538907909425,12.3499208019972,Left Foot,0,0
3906389,2023-08-19,435c0407-8bfb-4aba-8320-52c69ca51554,107.2,53.3,18.458873205046938,17.50209020169682,Right Foot,0,0
3906389,2023-08-19,c3b5183d-5182-4473-a491-8c8f70fcd945,100.9,43.9,19.494101672044284,22.77057715936707,Right Foot,0,1
3906389,2023-08-19,3ff95b9a-d750-41a3-8cc9-9e9b6b8aff79,114.2,41.1,5.903388857258174,67.89055165624835,Right Foot,0,0
3906389,2023-08-19,61bbc92f-326a-43c7-8885-5f95393db759,99.6,57.1,26.618978192259753,13.259516317465264,Right Foot,0,0
3906389,2023-08-19,808513b1-56df-442f-b623-f2d5cea10143,94.1,49.4,27.5530397597071,15.578770918332701,Right Foot,0,0
3906389,2023-08-19,e14664fd-5b9f-4347-a0ef-f44a8c431fa7,95.5,26.8,27.829660436304284,14.488752150997692,Right Foot,0,0
3893821,2023-07-31,d68c24bf-388d-420a-a943-9b0d5871375a,104.3,46.2,16.879869667743293,25.034269440335503,Right Foot,0,1
3893821,2023-07-31,35d280fc-bf5b-4fe8-ba00-50cab7b8cedd,106.4,41.6,13.693794214898947,32.38811485340092,Left Foot,0,0
3893821,2023-07-31,c8cee5c3-997b-480d-a94c-88544d069ef4,113.3,50.0,12.037026210821343,22.580398092691865,Head,1,0
3893821,2023-07-31,920304b0-171f-498e-9972-4a27d1f5e0d3,113.5,50.7,12.519584657647396,20.27804272966213,Left Foot,0,0
3893821,2023-07-31,310f10d4-7b02-42e6-8730-7d256756ec14,117.6,30.8,9.50789145920377,14.470294100065917,Left Foot,0,0
3893821,2023-07-31,f82be0b0-2298-49d6-870e-9e17dfce1ce0,114.9,38.4,5.345091205957102,72.87655030150428,Left Foot,0,0
3893821,2023-07-31,ede11ea1-2ea7-4f77-b809-5f4109634b9d,118.5,42.2,2.662705391138872,126.59388639107603,Left Foot,0,1
3893821,2023-07-31,c1b256f2-de15-4643-9f26-56fc83784598,109.3,38.3,10.834205093129817,40.176008014607284,Head,1,0
3893821,2023-07-31,d9ddcb3e-cd66-441d-a6f5-3d84a74210aa,82.7,49.2,38.4178344001845,11.551766199431649,Right Foot,0,0
3893821,2023-07-31,15479958-2ed5-40d7-9f66-e3e170d00b1b,97.1,36.7,23.13655116909174,19.431954676394078,Right Foot,0,0
3893821,2023-07-31,49776624-28b0-4461-887d-813927988646,114.7,38.5,5.508175741568162,71.31407508483814,Left Foot,0,1
3893821,2023-07-31,81e5fb45-e679-4e60-8279-d02f122678e2,98.7,34.7,21.94948746554233,20.09443736427219,Right Foot,0,0
3893821,2023-07-31,2866ec98-a6e9-4246-bb1d-d387382fadc5,107.8,52.8,17.682759965570984,18.20986024727164,Right Foot,0,0
3893821,2023-07-31,d1ed0601-915e-48cf-8793-834f71d08462,99.8,21.6,27.323982140237174,12.472330862471825,Right Foot,0,0
3893821,2023-07-31,7118c212-8260-4590-a50a-0962f420aeaa,109.0,34.9,12.124768039018313,33.8894334391753,Right Foot,0,0
3893821,2023-07-31,45e496dd-12e6-430d-a7a3-07cd8dd64212,113.8,35.2,7.840918313565064,47.48118460431477,Head,1,0
3893821,2023-07-31,d8a6531c-273a-4f15-adc9-273947d3f99e,108.5,48.6,14.360013927569849,25.81193678895742,Left Foot,0,0
3893821,2023-07-31,79e881b3-39a0-441c-b63c-c49b3d6b539e,103.7,28.2,20.12287255836005,18.535212690769868,Right Foot,0,0
3893821,2023-07-31,066ef47a-0e2c-4df4-9d0b-6a26c310879e,107.9,32.9,14.029255147726122,28.16188057099216,Head,1,0
3893821,2023-07-31,c68f02b1-3786-42eb-8221-79ccafc43521,92.1,52.7,30.654526582545692,13.584379536991444,Right Foot,0,0
3893821,2023-07-31,9e877776-b601-44fe-b892-2b2e8665d947,90.2,28.2,32.05120902555783,13.264770277835552,Right Foot,0,0
3904628,2023-08-15,63bd59a1-9854-415a-b1db-b77a7050f5a4,94.0,31.8,27.26242835845699,15.961211162141604,Left Foot,0,0
3904628,2023-08-15,cec9991c-b90a-432e-954d-d05300cb8045,93.5,22.7,31.647116772306447,12.13993136774501,Left Foot,0,0
3904628,2023-08-15,a906415c-7bbf-4fc2-abc2-32588482de9e,101.9,37.6,18.258422713914797,24.524833546764093,Right Foot,0,0
3904628,2023-08-15,237b6725-ef18-455b-a3a5-7be3dc3d5baf,111.1,32.5,11.638728452885225,30.79559330148557,Left Foot,0,0
3904628,2023-08-15,0aa48644-513e-4318-b8ca-a6cd8ea3ec85,113.5,41.6,6.694027188471825,61.01186103482831,Right Foot,0,0
3904628,2023-08-15,40c8de92-7b66-4734-b3ec-003ab46cf707,113.0,53.8,15.473848907107756,14.070026352875402,Right Foot,0,0
3904628,2023-08-15,a6f50d21-16fb-48ad-a7b9-565a6d01e99e,109.1,32.6,13.174596768022925,28.9603539818298,Left Foot,0,0
3904628,2023-08-15,453b8d69-cbfd-4b55-a261-0fd2d4bcd6e5,109.1,44.6,11.830891766895686,35.12239953773092,Head,1,0
3904628,2023-08-15,bfe48cc7-c014-4ff3-8009-72a2f2cf69c5,113.6,40.0,6.400000000000006,64.01076641616694,Right Foot,0,0
3904628,2023-08-15,657028c5-dcd1-4faa-9142-741db7df49c1,115.5,34.8,6.87677249878168,49.00391874357666,Left Foot,0,0
3904628,2023-08-15,cae9b6b3-3b02-406a-9f7f-5ec1dcaa5a50,102.3,59.0,25.96709456215693,12.139507973924017,Left Foot,0,0
3904628,2023-08-15,6ee69a61-289c-48f6-b823-c6ba816f6499,109.5,38.1,10.670520137275409,40.64177205226772,Right Foot,0,0
3904628,2023-08-15,ccb7cbdd-34e8-473b-b3c2-ac38d6ca3566,114.3,42.8,6.350590523722972,61.91773162141343,Head,1,0
3904628,2023-08-15,0b6a269a-21a6-4586-bf2e-723ac3795bed,105.7,30.3,17.27946758439044,22.04012597792241,Left Foot,0,0
3904628,2023-08-15,0fbbed6b-3219-452f-9bd6-2f3790583e1f,109.3,37.2,11.060289327137877,38.83548722885053,Right Foot,0,1
3904628,2023-08-15,dad7c2fa-f03d-4d22-bc36-cceeaaf5a352,107.0,35.1,13.89280389266328,30.435829909670264,Head,1,0
3904628,2023-08-15,e836aa70-c57c-4594-a1c1-0f501e16cc79,111.1,35.7,9.884331034521258,41.07153270235632,Right Foot,0,1
3904628,2023-08-15,e31f6adf-6834-4457-916b-13f9666211b0,101.3,26.8,22.889517251353293,16.41121827567123,Left Foot,0,1
3893806,2023-07-26,f9d583ea-f92d-4676-8c74-b12037611482,113.2,28.2,13.619104228986574,17.79568621770905,Left Foot,0,0
3893806,2023-07-26,20386b3d-5039-447e-b6a8-d8495db3b27a,104.2,41.3,15.853390804493527,28.241049834204414,Right Foot,0,0
3893806,2023-07-26,54eaba0b-9a8e-498b-aff9-a1b051672883,105.1,49.8,17.833956375409247,21.536009037567307,Left Foot,0,0
3893806,2023-07-26,eb485137-2e89-4980-91e5-4b1d64d62c10,95.6,32.4,25.556212551941265,17.033948982197305,Right Foot,0,1
3893806,2023-07-26,284cf006-7480-4720-a028-657f69340477,118.0,45.0,5.385164807134504,50.906141113770495,Head,1,1
3893806,2023-07-26,698e5b13-c96c-4829-9d97-4ce4efb33e10,107.3,25.9,18.976301009416986,16.449920908869608,Left Foot,0,0
3893806,2023-07-26,18e893c5-6bb7-460e-a25e-4c5e666694af,103.4,39.9,16.60030120208666,27.09498291720717,Left Foot,0,0
3893806,2023-07-26,a232a7e3-298a-42d4-96c1-d25d4edf9ee8,90.7,50.3,31.057688259109046,13.880088137847702,Right Foot,0,0
3893806,2023-07-26,6d3dbcb8-c0c5-495a-b2e2-8ffd2acc19ef,92.1,52.2,30.450779957170234,13.762964134942134,Right Foot,0,0
3893806,2023-07-26,1ec080f7-d6d1-4667-8edf-c6341f272631,104.8,22.9,22.879029699705363,13.475660743260388,Left Foot,0,0
3893806,2023-07-26,6e688b4d-2ccd-4a31-a6ce-2f42d9d0c818,110.7,39.8,9.302150289046073,46.52957971705028,Left Foot,0,0
3893806,2023-07-26,423f24fe-d4e8-445e-89f0-0efaa269f8c4,96.2,36.5,24.055976388415413,18.69451312154765,Left Foot,0,0
3893806,2023-07-26,f256b53d-830c-452d-b5f2-c6ef7fd9222b,109.6,38.6,10.49380769787593,41.475971416125766,Head,1,0
3893806,2023-07-26,789d4b62-75b6-43c0-b6f8-106810946ef4,112.6,27.9,14.183441049336375,17.729401284307592,Right Foot,0,0
3893806,2023-07-26,e1b4ec1e-65c6-4541-b33d-330dc6e1f31f,103.5,25.0,22.299103120977758,15.338196140505355,Right Foot,0,0
3893806,2023-07-26,0df258b0-d251-4ffb-89b8-ad0d7d894788,108.8,39.0,11.24455423749648,39.05242857918771,Head,1,0
3893806,2023-07-26,d38b768b-a6d0-43db-8c24-5d891a6bd744,105.7,43.5,14.722092242612797,29.678443591855917,Left Foot,0,0
3893806,2023-07-26,910e8abc-3e05-4192-bc43-c689ff057a83,95.1,40.3,24.901807163336564,18.249802777405954,Left Foot,0,0
3893806,2023-07-26,8d1cd772-233d-4d47-919e-bb82e2a4b715,112.6,42.5,7.810889834071409,52.754124903800054,Head,1,0
3893806,2023-07-26,d733aafb-49e4-41c4-a7cb-eaacdf2497ed,109.8,38.6,10.295630140987003,42.19754848013321,Left Foot,0,1
3893806,2023-07-26,4370cd7e-f061-44ba-9976-7ca959fd72dd,110.2,39.6,9.80815986819138,44.349760558539586,Right Foot,0,0
3893806,2023-07-26,e3de05dd-33c7-48dc-86ad-2901442f2c06,112.4,34.1,9.621330469326988,38.451144729217184,Left Foot,0,1
3893806,2023-07-26,eb1ca6af-d988-49bc-88e2-30fb18b588bf,88.4,41.9,31.65706872090339,14.377899976886496,Right Foot,0,0
3893806,2023-07-26,7f109640-0f42-49b9-86e6-8b85b5ac9126,106.1,63.9,27.64814641164937,8.451161147219866,Right Foot,0,0
3893806,2023-07-26,7e6ada7f-1102-430f-abec-acaf550e4613,93.5,26.0,29.970819141291418,13.511697725501149,Right Foot,0,0
3893806,2023-07-26,cbfc058c-56a5-43e3-8209-60de7012e31f,107.9,50.9,16.285576440519378,21.226759688136685,Right Foot,0,0
3893806,2023-07-26,d335a8f5-fb0d-4b1e-b892-badbadf61f45,109.8,38.9,10.259142264341598,42.43622978853498,Head,1,0
3893806,2023-07-26,58db78c4-cb87-4646-932f-2c2517cdeead,110.5,42.3,9.774456506629921,43.696206445396314,Right Foot,0,1
3893806,2023-07-26,1aae4e5c-469b-41b4-9fdc-27d18a1804f0,112.2,39.0,7.863841300534997,53.69842374709564,Head,1,0
3893806,2023-07-26,71e2968f-96e0-4522-980c-b669c3f36937,106.2,41.7,13.904315876734099,31.905075573319973,Head,1,0
3893806,2023-07-26,a4b34b65-8a86-43f4-83e3-d12e6887d711,90.4,31.0,30.938002521171267,14.122728894529546,Right Foot,0,0
3893806,2023-07-26,cb046d5d-817d-4b09-a716-db8217b46e58,111.7,39.9,8.30060238777885,51.456132274681856,Head,1,0
3893801,2023-07-24,335c0c30-5125-486e-8dc6-96326cba840a,110.9,30.0,13.52072483264118,23.577643976216113,Right Foot,0,0
3893801,2023-07-24,809a93f0-098c-461c-a567-411ff482602e,111.3,42.6,9.080198235721513,46.326346676758,Head,1,0
3893801,2023-07-24,b6a0e153-934c-4430-a7bb-35f7db20271b,112.8,46.8,9.903534722511958,35.05942696688698,Head,1,0
3893801,2023-07-24,115e41b6-9c7f-4a0e-b4b3-4b0043fbf801,104.1,55.6,22.27487373701589,14.837204124723744,Right Foot,0,0
3893801,2023-07-24,e6845347-720f-49c1-99d8-e5bd1b626054,96.8,56.0,28.18226392609366,13.413729420871281,Left Foot,0,0
3893801,2023-07-24,96ad8b67-6b97-4a73-8625-07163f55f2ef,106.1,18.8,25.35054240050891,10.062476915243327,Right Foot,0,0
3893801,2023-07-24,01ebe7ca-7e36-4322-801f-c9f5a7a370d0,107.2,39.7,12.803515142334934,34.69172950875504,Head,1,0
3893801,2023-07-24,79d0847b-0823-4f07-8eab-360444aa1011,113.4,44.6,8.044874144447503,47.30142873199507,Head,1,1
3893801,2023-07-24,e379228a-72b4-49b5-89a8-36aea08ec759,96.4,31.0,25.25787006063654,16.886007887702824,Left Foot,0,0
3893801,2023-07-24,f7d303b6-5e76-4a54-9713-7c06554896f9,112.4,34.4,9.440338976964753,39.74385657551049,Left Foot,0,0
3893801,2023-07-24,e6941f89-fcb9-47f4-a2a5-7b50af8f7bf1,100.8,40.9,19.22108217556962,23.488488149099176,Right Foot,0,0
3893801,2023-07-24,400cb0db-612a-48f6-ab79-90b9238ea7cc,112.4,42.1,7.884795495128578,52.787871802888276,Head,1,0
3893801,2023-07-24,142dec95-e621-480f-aad7-23eefd56ccee,116.4,41.5,3.8999999999999946,91.57126105127443,Right Foot,0,1
3893801,2023-07-24,ca272ed4-50a1-48f9-a38b-b63d3f79c122,94.5,25.4,29.383839095666175,13.535465814053659,Right Foot,0,0
3893801,2023-07-24,9de40d23-e194-488f-8c9b-27af8bf0f322,113.3,44.5,8.070935509592431,47.48568073524018,Left Foot,0,0
3893801,2023-07-24,4e5a807c-19e9-4e1c-bf50-7817b4b4e864,110.0,41.7,10.143470806385752,42.63590469249881,Left Foot,0,1
3893801,2023-07-24,649e4e82-1457-4201-9ff9-d549b5f4e81a,110.7,47.7,12.07393887677091,29.82469229086009,Head,1,0
3893801,2023-07-24,ca5cc7f1-b7d7-42b9-9470-7f3319e95879,109.3,51.7,15.8549676757791,19.984670068642654,Left Foot,0,0
3893801,2023-07-24,ff0803c7-8f6c-40e3-9203-5ad1bb9a1e0e,110.9,41.3,9.192388155425112,46.74307034730998,Head,1,0
3893801,2023-07-24,7b043ae5-9b63-49a4-8b3a-b762db25e6a0,93.1,26.0,30.325072135116187,13.395783748699573,Right Foot,0,0
3893801,2023-07-24,6f42a298-146c-4fd0-b4da-e30909de7ae2,107.1,19.4,24.305760634055463,10.179002309361945,Right Foot,0,0
3893801,2023-07-24,e9cea9d1-d0e8-49c1-963d-947307b39518,98.8,56.2,26.681079438433525,13.697104344073981,Right Foot,0,0
3893801,2023-07-24,4a338f7e-5966-4c4e-9507-7cdbb40f0d4f,91.3,55.0,32.383483444496825,12.534799633503129,Right Foot,0,0
3893801,2023-07-24,411d3247-2ca5-49bb-b588-1cb68f524cd8,99.8,39.9,20.200247523235948,22.40108065445546,Right Foot,0,0
3893801,2023-07-24,a4d46f80-7ceb-4240-86ba-936ea463f805,97.6,40.8,22.414281161795046,20.224859431168078,Left Foot,0,0
3893801,2023-07-24,79b3237a-ab34-4da3-a086-0e87424d1c60,90.5,25.2,33.004393646907076,12.401114621929679,Right Foot,0,0
3893801,2023-07-24,40ade6f6-ddb8-4c4b-b245-30effe52807e,111.1,39.3,8.927485648266263,48.18218245305306,Head,1,1
3893801,2023-07-24,cc7090a3-1d8a-40c1-b449-5de02ea8c57a,100.4,51.0,22.47576472558831,17.773227301403292,Right Foot,0,0
3893801,2023-07-24,a09a3dc1-c060-4a7a-944a-993e85a83bea,87.3,42.5,32.79542651041453,13.868931343982647,Right Foot,0,0
3893801,2023-07-24,2369f229-ab2f-469b-81f7-423c7157578e,90.7,62.2,36.760440693767535,9.956103750656249,Right Foot,0,0
3893801,2023-07-24,3639e7d7-2db0-483e-92f4-fc0324dc3d95,99.4,41.1,20.629348026537333,21.91853375839265,Right Foot,0,0
3893801,2023-07-24,efb1da35-baae-4149-92f6-44b6e8df59cb,103.3,58.6,24.9969998199784,12.376267908149567,Right Foot,0,0
3893801,2023-07-24,05b1150f-a325-4eec-bbfe-912d3bad839b,108.0,31.3,14.82194319244275,25.234709697271633,Right Foot,0,0
3893801,2023-07-24,c761277f-b601-4761-884f-1d8ac2765307,103.4,39.2,16.619265928433776,27.0387042102432,Left Foot,0,0
3893801,2023-07-24,0d861fe6-e48c-4b63-96ea-3b9cf8f98e86,102.3,31.6,19.59209024070684,21.05368728171924,Left Foot,0,0
3893801,2023-07-24,49591eb2-b12b-4b26-bcdc-00086119ecaa,112.6,31.8,11.045361017187265,29.182946430529913,Left Foot,0,0
3893801,2023-07-24,bf79a04d-1d90-4a02-8ac1-a13d8344bf83,104.2,54.5,21.4450460479804,15.894580468268565,Right Foot,0,0
3893797,2023-07-23,0547726f-3af0-4993-9254-e5b1598d537d,109.7,49.6,14.080127840328723,24.328972197363797,Right Foot,0,0
3893797,2023-07-23,5f04b8ef-b07e-447a-926a-1e5b0d4aaab5,114.4,31.5,10.17889974407843,27.08325630512184,Head,1,1
3893797,2023-07-23,dfee78b7-4a88-4a46-b668-ba50485b2fe4,117.0,38.7,3.2695565448543618,102.47571393872636,Head,1,0
3893797,2023-07-23,9afd3659-30e4-4fdc-a2f9-324ffcd13e77,96.7,35.7,23.693459012984995,18.869404306424894,Right Foot,0,0
3893797,2023-07-23,d9d6a111-7c4a-4ad1-9083-e797978610dc,84.8,46.9,35.8699038192187,12.495860031205048,Right Foot,0,0
3893797,2023-07-23,62a68e2b-5f08-44a1-a2b9-54a4dfe0c0cb,112.1,39.7,7.9056941504209535,53.65587094101196,Head,1,0
3893797,2023-07-23,712dc72b-ae66-42b7-ba53-3a54a7b80be1,109.1,51.8,16.063934760823702,19.81186754925338,Left Foot,0,0
3893797,2023-07-23,626d87c8-3ce8-4ffe-b77c-623f3e8648ea,108.2,36.9,12.200409829181966,35.39668129402328,Left Foot,0,0
3893797,2023-07-23,da40129a-c1d0-48b0-af67-d8c678d0bc8d,104.4,22.4,23.518503353742556,13.080595909789086,Right Foot,0,0
3893797,2023-07-23,1c2c6b3a-b36b-47f0-b4d2-466efa732ea8,97.9,35.8,22.495555116511344,19.838405094562773,Right Foot,0,0
3893797,2023-07-23,aba49813-feaa-48e5-b629-6e7f1f7411f5,109.6,55.0,18.252671037412583,14.69909263137431,Left Foot,0,0
3893797,2023-07-23,dc9cdf0f-080d-40d8-b4b7-8c2064b4add4,96.2,50.4,25.97306296916095,16.124480503147623,Right Foot,0,0
3893797,2023-07-23,cf87e52c-0620-42ef-941c-7325da991603,103.0,25.7,22.214634815814552,15.898157087538307,Right Foot,0,0
3893797,2023-07-23,48d29259-5d82-4938-91c2-30fef6511f5b,104.8,33.1,16.69281282468596,24.842888107779203,Right Foot,0,0
3893822,2023-07-31,3b400d1f-cf70-4c20-8400-76d699e2739d,91.0,17.9,36.46107513499842,10.017361549542722,Left Foot,0,0
3893822,2023-07-31,bd0ca07d-2997-4b5d-aed7-f31936a6abc4,107.4,37.8,12.79062156425558,34.330217195503344,Left Foot,0,1
3893822,2023-07-31,6c8f23f5-368b-4afd-8624-45dace556465,106.0,46.5,15.435349040433131,26.745225990446205,Left Foot,0,0
3893822,2023-07-31,a27a7785-859f-4015-87df-f0a2bf3199f7,94.1,52.9,28.93475418938271,14.160610987176538,Left Foot,0,0
3893822,2023-07-31,28ea500a-12b6-4172-aa30-41e13218a421,106.0,28.5,18.117670931993437,19.732247716208583,Right Foot,0,1
3893822,2023-07-31,23b8ca30-f40c-4f89-aeb9-7a523fed92c9,112.8,38.4,7.375635565834313,56.309932474020194,Head,1,0
3893822,2023-07-31,4905db2a-57bf-40ed-956a-821ca6bf46cf,95.8,40.9,24.216729754448682,18.746245960836504,Left Foot,0,0
3893822,2023-07-31,bfcefea7-de6a-4b94-bb0d-c9eb3862d7ef,106.2,47.6,15.754364474646382,25.4288537770766,Right Foot,0,1
3893822,2023-07-31,a413d7fe-37e8-4e24-bb5a-a9308a5e56b1,108.4,24.2,19.601020381602584,14.146033406710433,Right Foot,0,0
3893822,2023-07-31,3e1f3cd6-e0bc-4882-8619-9a92a3d48810,90.1,45.4,30.38371274219134,14.771383517220768,Right Foot,0,0
3893822,2023-07-31,ee487fc8-5c93-4497-a3b3-6071d94dd7df,108.6,44.6,12.293087488503453,34.017602101495285,Right Foot,0,0
3893822,2023-07-31,00dd1e37-9515-4903-8c1f-6d7861199e9c,105.7,45.3,15.250573759698351,27.84351969459897,Head,1,0
3893822,2023-07-31,c75c69ce-824d-4172-acf3-81698226955b,95.7,38.9,24.324884377936925,18.65858460960878,Right Foot,0,0
3893822,2023-07-31,61e17b3a-59cd-432e-b459-3a7a3154ae4d,91.8,34.7,28.693727537564722,15.612469699171282,Right Foot,0,0
3893822,2023-07-31,5388882a-c4c2-4b16-ac01-29f23bb36f69,107.1,48.5,15.448624534242528,24.867106462808557,Left Foot,0,1
3893822,2023-07-31,a7e90b9e-2ecb-4b72-8d6f-f04c5755876b,107.2,47.6,14.886235252742715,26.47580548677303,Right Foot,0,0
3893814,2023-07-29,48eb5c6e-3f5b-43e7-89c1-49da1221eeac,107.2,56.9,21.20023584774471,13.292082972213628,Right Foot,0,0
3893814,2023-07-29,1f2dfc4e-ac82-48b1-9cfb-dd09c2ce9692,92.4,37.7,27.695667531222274,16.382725234696867,Right Foot,0,0
3893814,2023-07-29,5ec454ab-76aa-4461-ae64-46a16130dd98,90.9,48.5,30.31600237498341,14.455556258182352,Right Foot,0,0
3893814,2023-07-29,aced2d82-2109-4f9d-a1b8-80db8a07d148,109.5,48.0,13.200378782444085,27.95961679471201,Right Foot,0,0
3893814,2023-07-29,af4775a4-ac65-4101-aa91-87e3a576e6f8,106.3,59.6,23.913385373049966,11.154240498960892,Right Foot,0,0
3893814,2023-07-29,e89ba40c-b739-4a73-bcae-36b8357c6dd9,117.3,49.3,9.684007434941382,15.520311642663598,Right Foot,0,0
3893814,2023-07-29,380568fd-2950-4bb3-a2c0-d564f29318c5,89.9,46.0,30.692181414816375,14.57638373105227,Right Foot,0,0
3893814,2023-07-29,11960e6f-3256-4ad8-832d-cf45277b4b98,109.8,28.5,15.371727293964074,20.325678101966155,Left Foot,0,0
3893814,2023-07-29,2781a8b9-5160-48c8-844e-aaa7a56ce6da,105.2,38.6,14.866068747318502,30.009053615328185,Right Foot,0,0
3893814,2023-07-29,87a7dc5c-bc3c-4775-ad70-93bb84df83cb,106.2,34.5,14.855638660118249,28.34030150607729,Right Foot,0,0
3893814,2023-07-29,27546c06-efeb-4c24-8eef-c354dd5a0883,117.4,42.7,3.7483329627982607,95.35582504285524,Head,1,1
3893814,2023-07-29,ea45428d-0546-45c2-a7cb-f75dfcf804d8,101.5,49.3,20.706037766796427,19.726780248405415,Right Foot,0,0
3893814,2023-07-29,6291e047-269f-4cf8-80ed-6bff1654677c,116.4,37.5,4.38292140016222,83.64015725011171,Other,0,1
3893814,2023-07-29,d2316710-c2a1-474c-a592-84b8332580e3,116.0,40.0,4.0,90.0,Right Foot,0,1
3893814,2023-07-29,d814dc5b-11e2-4027-994e-40618b223cdc,110.5,35.4,10.555093557141026,38.53950233218025,Right Foot,0,0
3893814,2023-07-29,b1251ec5-aeae-4b96-9ffc-1cfb3e80d4fc,107.8,25.7,18.797074240423697,16.13679125514319,Left Foot,0,0
3893814,2023-07-29,e2f86bfa-fd74-499f-b8e4-5b41bebff00e,101.9,50.9,21.12865353021815,18.59374206179031,Right Foot,0,0
3893814,2023-07-29,186cbd16-2e8a-401b-a5d8-bb8098531c94,97.6,45.7,23.113848662652448,19.074314037845813,Left Foot,0,0
3893814,2023-07-29,749e395f-b7c7-4cd4-955b-25f08e78273d,118.2,44.4,4.753945729601883,65.37643521383643,Head,1,0
3893814,2023-07-29,c462fd3e-5a29-4f1b-b385-20123acafe56,117.2,43.7,4.640043103248073,76.1323970443854,Head,1,0
3893814,2023-07-29,0501e35c-b4b2-4d90-83fb-9e77441697d9,118.1,43.3,3.8078865529319543,95.63594069829342,Head,1,1
3893814,2023-07-29,01d0d928-efba-4226-9a02-3db491834494,105.3,45.8,15.802847844613327,26.709010119149994,Right Foot,0,0
3893814,2023-07-29,754b1f39-23eb-4a00-b7b4-68f7d9e0e688,107.0,46.9,14.71767644704829,27.403073458053722,Right Foot,0,0
3893814,2023-07-29,527e65b5-51a1-4924-8d6d-7c544ba08deb,89.9,39.5,30.10415253748226,15.135353770995998,Right Foot,0,0
3893814,2023-07-29,c9e63187-30dd-46c0-90d5-f0237e9b02b7,104.4,59.1,24.661102976144434,11.900945705880137,Right Foot,0,0
3893814,2023-07-29,c8c685a1-7b06-4e30-bc8d-43e07fe09fbd,113.0,50.1,12.288612614937458,22.527896031640616,Right Foot,0,0
3893814,2023-07-29,c5d873a6-f46d-496d-b43d-45d71c2e1744,108.7,41.0,11.344161493913948,38.736611371805566,Head,1,0
3893814,2023-07-29,1e0d4f4e-01d1-4d54-8560-4615cc42de02,107.1,47.2,14.773286702694163,27.033383242066055,Right Foot,0,0
3893814,2023-07-29,45edfa68-34d8-429f-99ba-59ea17dfb0d2,103.5,37.2,16.735889578985635,26.557240246537486,Right Foot,0,0
3893814,2023-07-29,dcb55b6b-7363-4987-acc0-0548f6044692,110.5,45.8,11.130588483993106,35.16167695535053,Right Foot,0,0
3893814,2023-07-29,42f222f2-f228-49e4-a6a0-f0fce283095f,112.5,46.8,10.123734488813897,34.74988911389421,Right Foot,0,0
3893814,2023-07-29,a5b9327e-0fc1-4a3a-a76e-165660c7f6c0,112.4,34.8,9.208691546577068,41.46770541610912,Left Foot,0,0
3893814,2023-07-29,f6b41826-4417-4b26-a2a9-33b2d0ee1503,103.6,45.4,17.26615185847733,24.940798782467027,Left Foot,0,1
3901832,2023-08-08,86cde63d-dfe4-475d-978e-00f1c5c2e5a4,114.1,28.8,12.658988901172165,18.118598634766787,Left Foot,0,0
3901832,2023-08-08,1aa57a19-a59a-47d8-8f0e-56d56025e382,108.4,57.3,20.82906622967049,12.521548186920725,Right Foot,0,0
3901832,2023-08-08,fe77df1d-e4e6-4a46-9e00-9a9a8a9342f5,112.4,44.3,8.732124598286484,45.26032599656893,Head,1,0
3901832,2023-08-08,015283dd-64be-4d0a-8873-3997fd6246b6,87.8,49.0,33.434114314573975,13.158874626982108,Right Foot,0,0
3901832,2023-08-08,1b5f7f6c-614b-41b2-8c97-a4846c36a839,105.8,32.7,15.966527487215247,25.42889420867835,Right Foot,0,0
3901832,2023-08-08,5a9a9151-d167-4854-8fd8-0fafcfe88376,112.6,37.1,7.947955712005451,51.452494545350554,Left Foot,0,0
3901832,2023-08-08,340ff1ff-e27d-4317-8e79-37124659c004,86.5,40.8,33.509550877324514,13.610519388486596,Right Foot,0,0
3901832,2023-08-08,4bd5878c-a125-4399-aae6-037e0d52e368,114.8,46.6,8.402380615040006,37.30394827798342,Head,1,0
3901832,2023-08-08,68c35412-c56e-4565-ab6d-2948cf615662,102.9,28.2,20.776188293332343,18.21756750466978,Right Foot,0,0
3901832,2023-08-08,04f04dc1-2a49-472d-97da-5751c213b6f8,110.3,45.6,11.200446419674533,35.33662337566318,Left Foot,0,1
3901832,2023-08-08,af149c3e-fc53-483f-a32b-974aed43cf18,118.6,35.9,4.332435804486897,76.10829046012796,Head,1,0
3901832,2023-08-08,6056f765-108d-4559-af83-9523f85afc86,94.5,25.2,29.483724323768868,13.44559115172529,Right Foot,0,0
3901832,2023-08-08,7af6ff22-30d8-4f83-9c73-44251a65ae16,109.4,24.9,18.449119220168747,14.650926318934003,Right Foot,0,0
3901832,2023-08-08,cac12758-a979-4cf8-938b-63ee3a66f265,93.1,37.0,27.06676929372991,16.71516033911098,Left Foot,0,0
3901832,2023-08-08,e86c205f-f24d-4d59-b9e1-9be990ca27ff,108.9,39.6,11.107204868912785,39.592335868061674,Head,1,0
3901832,2023-08-08,30362d1e-ca77-4d14-940c-3bbed1a590c1,111.9,35.9,9.078546139112799,44.29268063145575,Head,1,0
3901832,2023-08-08,de01e5dd-3a2c-44ab-a4a0-1bd09d283c00,89.7,58.7,35.605898387767155,10.959356794484412,Right Foot,0,0
3902967,2023-08-12,cf02f479-0ecf-4e23-a7cb-7db0ffa3109e,110.4,41.5,9.716480844420982,44.40568973220072,Head,1,0
3902967,2023-08-12,39860a5f-8ab8-4a88-a371-5bb442ddf389,88.4,56.9,35.835317774508425,11.273697100787482,Left Foot,0,0
3902967,2023-08-12,86f4dcd7-0d0a-4082-8494-305dd9c382c1,106.8,18.8,24.973586046060746,9.858166996531464,Right Foot,0,0
3902967,2023-08-12,efcfe59e-5082-47b9-9fa0-882874331eda,102.9,28.0,20.890428430264418,18.024713740540356,Right Foot,0,0
3902967,2023-08-12,752855d9-bb8a-42be-ac37-128fe3c2fa21,113.3,46.1,9.060905032059438,39.03833973741113,Head,1,0
3902967,2023-08-12,fddaa013-0212-45de-932f-83782f189101,92.7,34.8,27.790825824361534,16.106752328665937,Right Foot,0,0
3902967,2023-08-12,79d79336-251f-4dc6-bba9-529298c89223,92.1,56.8,32.567621958012225,12.060480084328288,Right Foot,0,0
3902967,2023-08-12,f1feaf1d-2e5a-46fc-8077-f38cbd9575a9,108.8,49.2,14.494136745594755,24.78113103140751,Right Foot,0,0
3902967,2023-08-12,a5a91d92-bcb4-4b77-b5f2-a9fd99b6da48,93.5,45.5,27.064737205448715,16.482577468344918,Right Foot,0,0
3902967,2023-08-12,4d74045d-57c8-411f-9ca9-ed4e013152d1,104.4,61.4,26.482447016844947,10.320737194714663,Right Foot,0,1
3902967,2023-08-12,2bf163dc-1f3b-4046-afe5-cf9ab06fc4b1,111.5,40.9,8.54751425854324,49.99939426561074,Left Foot,0,0
3902967,2023-08-12,6882ac26-21ae-442e-95a2-e8fcdbbd8034,114.5,37.5,6.041522986797286,65.01876039378395,Left Foot,0,1
3902967,2023-08-12,32a2be45-36d8-450e-b8ce-fda1b566507a,112.6,54.3,16.101242188104617,13.678218891404116,Right Foot,0,0
3902967,2023-08-12,36bfab0b-3e0e-4c19-b1b1-e0d0e3b49b5b,95.7,33.6,25.128668886353687,17.529578202802888,Right Foot,0,0
3902967,2023-08-12,f2203fd7-c357-4aa3-a46c-3887ff13b9f6,111.2,32.9,11.307077429645556,32.18690195359307,Head,1,0
3902967,2023-08-12,8efff298-66c7-47e4-8a69-29c11e149d14,111.5,51.2,14.060227594174998,20.519058350307063,Right Foot,0,1
3902967,2023-08-12,51245894-cd39-4d98-828b-0fed9a356844,83.3,42.1,36.760032644163964,12.40062436088319,Right Foot,0,0
3902967,2023-08-12,b9a71f0d-e64c-4390-978b-32f01aefd274,98.9,54.3,25.489213404889522,14.91565910859503,Right Foot,0,0
3902967,2023-08-12,be3ce7a6-a380-4411-9160-2cccec394405,104.0,52.3,20.181427105138027,18.114116583847128,Right Foot,0,0
3902967,2023-08-12,731dd805-f0fe-40e1-8bb3-fe00795c4931,115.3,51.9,12.794530081249565,14.28242050919371,Right Foot,0,0
3902967,2023-08-12,759836c7-1165-4afe-99d8-4122ceb1b7b8,116.0,56.7,17.172361514946047,6.545526231915098,Right Foot,0,0
3902967,2023-08-12,428b6423-68e9-4445-97c0-9c1dbf31da42,97.1,42.1,22.99608662359751,19.658778309754155,Right Foot,0,0
3902967,2023-08-12,a7f9f63d-256a-4074-bf0c-dcdecf560bf4,93.7,59.8,32.92005467796188,11.147515448100437,Left Foot,0,0
3902967,2023-08-12,6befa5a4-801e-4b21-93d0-ed6ea80f3558,99.2,49.4,22.82542442102665,18.23730745079121,Right Foot,0,0
3902967,2023-08-12,9520bbca-36ad-4c30-bed2-c8b88032f19e,106.2,55.1,20.456050449683584,15.340011980902267,Right Foot,0,0
3901797,2023-08-06,b5c3bdaa-9f2b-484a-88fe-da3c59b9c25c,97.6,40.4,22.40357114390472,20.24321701822699,Right Foot,0,0
3901797,2023-08-06,f80c6733-0ed1-463d-817c-c27551fefa50,98.3,46.7,22.710790386950432,19.15481559240023,Right Foot,0,0
3901797,2023-08-06,9451d64d-6484-4f73-9677-a91e416dd65d,103.0,31.3,19.09685838037241,21.307338204233915,Left Foot,0,0
3901797,2023-08-06,dc52309d-f6fe-481a-a704-834175934899,107.9,54.5,18.88544413033487,15.86272640340855,Right Foot,0,0
3901797,2023-08-06,57e84565-54f3-4f20-807e-ced6b2ebce1c,98.5,50.1,23.754157530840786,17.4176723111975,Left Foot,0,0
3901797,2023-08-06,55888890-cac3-4b2e-8dc6-27ebfcc572f1,109.0,41.6,11.115754585272203,39.28824653565078,Right Foot,0,0
3901797,2023-08-06,fc32970e-220d-4f0e-a3d0-c8ffe724d17d,112.5,40.9,7.553806987208503,55.61486288461436,Head,1,0
3901797,2023-08-06,fc1b1b10-665c-4ded-8a51-cc9ecdb67b48,108.5,32.9,13.515176654413365,28.899667268749578,Other,0,0
3901797,2023-08-06,8c7b731d-f0b0-4da3-a36a-6a215ab3e8ae,107.1,32.3,15.02331521336087,26.2032571484051,Right Foot,0,0
3901797,2023-08-06,d75b7ddb-2de5-44be-a1b4-baf0a731778b,110.3,31.5,12.897286536322284,27.30112543181213,Right Foot,0,0
3901797,2023-08-06,bbf8aed5-cea0-439e-915d-0676e957841d,103.6,55.8,22.772790781983662,14.63015491177282,Right Foot,0,0
3901797,2023-08-06,99572584-e8bf-4188-8d44-bc8d1ce6c9b5,92.2,46.0,28.440112517358294,15.669369605772173,Right Foot,0,0
3901797,2023-08-06,ae36077b-8107-4182-98a5-3de80adc5391,108.1,55.7,19.70025380547165,14.351012517488755,Right Foot,0,0
3901797,2023-08-06,d04c0bd6-c7f3-49cd-bf95-c7364b71aaba,95.7,53.2,27.653752005830963,14.554875645580509,Right Foot,0,0
3901797,2023-08-06,515cca46-f49c-4049-9094-50a563f2bb0e,97.9,41.1,22.127358631341423,20.470354177464735,Right Foot,0,0
3901797,2023-08-06,9dc7431e-9ece-4eeb-88c7-4d36aca57bf9,101.8,27.2,22.2503932549517,16.904857557414346,Right Foot,0,0
3901797,2023-08-06,e77e8487-4155-4957-b43b-4b1c4af785d2,106.1,49.6,16.89289791598825,22.431573755097563,Left Foot,0,0
3901797,2023-08-06,f5c75e66-28a3-4529-9f2a-fb6fc6dbfff3,107.4,44.5,13.37946187258665,31.73127768632965,Right Foot,0,0
3901797,2023-08-06,f3a1ada4-1ed7-4ade-acca-391991ed7af9,98.7,41.2,21.33377603707323,21.20824446566169,Right Foot,0,0
3901797,2023-08-06,3f5fbc84-a027-4465-8ab8-f1104ebe91fb,113.3,37.6,7.116881339463236,57.11914108817755,Head,1,0
3901797,2023-08-06,7d5f27a7-8cf6-442a-8314-a0d540e8db14,110.9,39.9,9.10054943396276,47.4525102379648,Head,1,0
3901797,2023-08-06,499f6a7c-468d-4547-b485-ef423ad1804f,112.1,39.6,7.910120100226044,53.61472045751265,Head,1,0
3901797,2023-08-06,eba0b109-36d5-4b9b-b3be-6baaeac47813,90.3,43.2,29.871893143890297,15.169942430711359,Right Foot,0,0
3901797,2023-08-06,9542a7ec-aed3-4d4e-8e65-038c2a160144,111.5,26.7,15.784169284444463,16.260393449482017,Left Foot,0,0
3901797,2023-08-06,dc3cb671-86db-4f48-8bc2-9af91a8aba46,101.5,16.6,29.82968320314515,9.613137705658913,Right Foot,0,0
3901797,2023-08-06,d3841691-a50d-4e18-a088-03ac927f837c,108.1,52.7,17.404022523543233,18.357028049361418,Right Foot,0,0
3901797,2023-08-06,c1446a25-4edb-4d5d-903d-8f3821b97709,112.1,32.7,10.756393447619887,32.370680013548665,Left Foot,0,0
3901797,2023-08-06,5fa6aabc-6155-4802-a861-027ac8dfb23f,113.5,52.5,14.089002803605371,15.903922307360652,Right Foot,0,0
3901797,2023-08-06,b4d10ab3-4338-47fc-a6e9-3c595b6f7a1f,107.6,49.4,15.560205654167946,23.68730699229688,Left Foot,0,0
3901797,2023-08-06,5360ac64-a14b-4735-b17b-7a3d4f699579,98.5,38.7,21.539266468475663,21.00579063277582,Left Foot,0,0
3901797,2023-08-06,cb8306ff-3f35-4ee8-a08d-98211756928f,105.1,40.6,14.912075643584972,30.010873459711682,Left Foot,0,0
3901796,2023-08-06,73f8a122-4b82-400e-b6b5-a895f7995dd4,100.3,47.4,21.044001520623404,20.2649705435741,Right Foot,0,0
3901796,2023-08-06,93a83a1e-aaff-4487-8bfb-c0d611bdb39b,103.3,17.9,27.700180504827042,10.083226437770882,Right Foot,0,0
3901796,2023-08-06,8075d596-0f22-42f1-8938-2c4751ac05ea,110.6,46.1,11.205802068571447,34.462558828901535,Head,1,0
3901796,2023-08-06,bb6fc5c5-04cf-4703-bd84-e2dc38e2f1ee,119.3,37.4,2.692582403567254,147.38075692880705,Head,1,1
3901796,2023-08-06,cca453a4-c65c-41cc-9466-12158b05d1a3,113.1,53.4,15.072159765607584,14.649366657244762,Right Foot,0,0
3901796,2023-08-06,1577b197-d663-41c3-bc22-f37c7cad36f4,106.1,40.8,13.923002549737616,32.01551739174048,Right Foot,0,0
3901796,2023-08-06,4f12f0e9-f5c0-42a3-9fa4-c83d44a10524,106.1,25.4,20.158620984581265,15.900024479687522,Right Foot,0,0
3901796,2023-08-06,24e3d60e-54fd-4d8a-9a73-88883ab7c767,105.9,26.8,19.31450232338384,17.532480038275583,Right Foot,0,0
3901796,2023-08-06,7a8fe077-b5f4-41df-af1a-5be8628e93a5,89.8,22.5,34.90401123080269,11.36225235153372,Right Foot,0,0
3901796,2023-08-06,be9ad093-1285-43c8-bae2-606e50c24934,96.2,42.2,23.901464390283703,18.926332720572397,Right Foot,0,0
3901796,2023-08-06,75aa4982-ee55-428c-b75d-7c12b6b00892,111.0,29.9,13.528118864054974,23.32144943366143,Left Foot,0,0
3901796,2023-08-06,2d3cc868-9d14-474f-9a60-f9dac6ebf045,84.4,25.5,38.43969302687002,11.026129074261503,Right Foot,0,0
3901796,2023-08-06,3d98aed5-1b96-46f5-9e50-ad2d1bbd3cce,113.8,27.9,13.595955280891449,16.370248517197815,Left Foot,0,0
3901796,2023-08-06,928c565c-5830-4099-9189-aa90def86798,97.5,27.8,25.59472601924076,15.729898984559783,Left Foot,0,0
3901796,2023-08-06,5ecb81ec-6912-4c27-8978-049907f1b9cc,110.4,37.5,9.920181449953418,42.981933344767405,Head,1,0
3901796,2023-08-06,3f8d2723-4608-4a97-b848-ca598de576bf,99.0,24.4,26.16027522790997,14.109641647491323,Left Foot,0,1
3901796,2023-08-06,9dabab4d-703f-4419-ba11-7f1f9675d7ab,106.7,47.0,15.02963738750872,26.88191806399895,Right Foot,0,0
3901796,2023-08-06,cf141a91-daac-4146-b81e-455f2644b441,102.4,28.6,20.969501663129712,18.3813846943886,Left Foot,0,0
3901796,2023-08-06,cca09c26-c470-4da1-b061-87860726ddd2,104.2,38.1,15.913830462839545,28.04741192371711,Left Foot,0,0
3901796,2023-08-06,a8d0ca99-c732-4c6b-9d8b-b2a6813e02eb,95.8,53.8,27.85821243367923,14.289951104520412,Right Foot,0,0
3901796,2023-08-06,3f3fc54f-c7b6-46c8-91aa-b0a7aa7bff46,107.2,41.3,12.865846260545784,34.40382733103029,Right Foot,0,0
3901796,2023-08-06,34d1cd6f-5392-4221-bcd5-322a253f77f7,103.0,32.6,18.540765895722863,22.53540778705149,Left Foot,0,0
3901796,2023-08-06,98914972-48d7-49ae-867d-a77db5f5b87e,91.7,40.2,28.30070670495703,16.089326038304957,Right Foot,0,0
3901796,2023-08-06,d3a473d9-699e-423b-9d93-d78d8a7f9497,98.7,57.5,27.56700926832651,12.901097273977221,Right Foot,0,0
3902240,2023-08-11,512d449a-0a9b-475b-9248-44254bdf8e72,114.7,31.6,9.932270636667123,27.158125449231456,Left Foot,0,0
3902240,2023-08-11,d6d73a0b-3aa7-499a-811b-5472f92b44d3,115.9,35.1,6.38905313798531,52.88494054214036,Right Foot,0,0
3902240,2023-08-11,f781026b-d9cb-46c1-9adc-5cf188894945,107.5,43.6,13.0080744155313,33.132440840570595,Head,1,0
3902240,2023-08-11,9b47acff-89aa-4179-bfa3-c35212a96dcb,114.8,36.3,6.382005954243544,59.26973785709664,Right Foot,0,0
3902240,2023-08-11,a8c4e3c5-7a83-43be-92a0-841a105ed684,102.3,54.9,23.136551169091735,15.2523179121565,Left Foot,0,0
3902240,2023-08-11,268363ba-8cd7-4283-9c65-178cc3079e21,97.5,36.4,22.786180022109892,19.682309900668805,Right Foot,0,0
3902240,2023-08-11,9142c847-d640-4d61-b608-22f4b40813a8,99.2,50.2,23.166354913969524,17.722948410603813,Right Foot,0,0
3902240,2023-08-11,1c8630a3-51f8-4277-b059-e72ddef94d5e,103.9,31.3,18.300273222004087,21.993209338444764,Right Foot,0,0
3902240,2023-08-11,74f3e44a-06b8-4998-92c3-67241dc7d777,115.2,43.6,5.999999999999998,62.487997376148556,Right Foot,0,0
3902240,2023-08-11,42daf424-ee5c-4b39-b408-b9be4163642a,106.2,43.9,14.34050208326054,30.204753324742768,Right Foot,0,0
3902240,2023-08-11,a219c2b9-077b-4529-8c8e-4a0347b3b4b1,111.8,27.9,14.616771189288011,18.360996373538452,Left Foot,0,0
3902240,2023-08-11,0c83f576-2da8-4db8-8248-ecec9c144ac3,100.6,32.9,20.658412330089654,20.697919087796503,Right Foot,0,0
3902240,2023-08-11,53cc3c0d-c097-4d2f-bb98-3b7284629933,97.1,35.2,23.39764945459266,19.01995754867792,Right Foot,0,0
3902240,2023-08-11,56a10233-41ec-49e0-9383-78f46f2d0489,98.3,31.4,23.3420221917468,18.172909900491522,Right Foot,0,0
3902240,2023-08-11,5fa7ac5b-3eeb-42c4-8ae1-15c9891f9879,96.6,42.0,23.485314560380072,19.266597159207898,Left Foot,0,0
3902240,2023-08-11,a3fd948f-f46e-4554-9a3c-f18547fc10ac,97.4,40.8,22.61415485929111,20.049938881910215,Right Foot,0,0
3902240,2023-08-11,cd21dd0a-7976-48b8-b155-c779b57a7f5c,107.5,28.1,17.258621034138272,19.533975839790287,Right Foot,0,0
3902240,2023-08-11,c40eb257-084b-4434-9934-5f42e040d839,103.8,31.0,18.532134253776604,21.593545515871696,Left Foot,0,0
3902240,2023-08-11,66eb4888-bbd5-4034-a072-1139e5321525,87.5,40.0,32.5,14.033003489445818,Right Foot,0,0
3902240,2023-08-11,c1471c9f-9ca1-4a5c-92be-ac57140e2202,107.7,29.9,15.91540134586621,22.522073108869467,Right Foot,0,0
3902240,2023-08-11,e824c74b-235e-4005-aa57-657aa043ea84,102.8,50.4,20.099751242241783,19.52650031316593,Right Foot,0,1
3902240,2023-08-11,be61c0fc-4d03-4a57-8b59-6a3b7a383cca,91.6,30.4,29.978659076082778,14.433853402388126,Right Foot,0,0
3902240,2023-08-11,be1d72f1-2b7e-436e-b19c-4293a6f2276e,111.2,58.9,20.848261318392954,9.54552672420801,Right Foot,0,0
3902240,2023-08-11,1e9a74cb-9ab4-400f-8951-1552bfae45ba,96.0,32.2,25.23568901377571,17.18466411037818,Left Foot,0,0
3902240,2023-08-11,244b8026-f14a-4e12-8488-425e927094bf,108.6,34.0,12.882546332150339,31.306385016361254,Head,1,0
3902240,2023-08-11,b95383c9-fd7a-496c-9901-bd58b3add3cc,93.6,42.2,26.491508073343056,17.1168178061725,Left Foot,0,0
3902240,2023-08-11,f701c7ba-81d7-4ca1-aeec-fd38ea16610a,116.4,29.1,11.479111463872103,13.969848046881076,Head,1,0
3902240,2023-08-11,0ff185b1-2715-4f1f-80fe-b0716b698187,97.8,37.4,22.351733713517618,20.165540228202996,Left Foot,0,0
3902240,2023-08-11,7459707e-9240-471d-b229-af6140a8c487,107.8,38.7,12.269066794177952,35.96046248453531,Head,1,0
3902240,2023-08-11,2115e149-4228-49f6-bd57-9336e5341b51,108.2,32.6,13.928388277184116,27.93866543561381,Left Foot,0,0
3902240,2023-08-11,1295b886-dbd2-43ca-a3eb-edd5d6f12fa4,113.5,46.1,8.914033879226622,39.33166400316813,Right Foot,0,0
3902240,2023-08-11,9ed35b03-cb09-4c4f-a958-4ce7018f4d35,106.4,30.3,16.704789732289353,22.47045592813756,Left Foot,0,1
3902240,2023-08-11,2eab03fd-737b-4f37-9853-deb4114c485f,112.9,46.2,9.426027795418383,37.94298240805609,Head,1,0
3902240,2023-08-11,41637ad1-9cf8-4028-8a25-9678d7263108,102.7,53.2,21.760744472558837,16.83024187052823,Right Foot,0,0
3902240,2023-08-11,ec53e345-53b0-46ae-a3d7-d7419661931a,117.0,47.7,8.26377637645163,24.654118307656262,Head,1,0
3902239,2023-08-11,aa3d5690-1d5c-4ab9-9ea6-8b06b6db3282,110.3,48.4,12.831601614763452,27.565982565879978,Right Foot,0,0
3902239,2023-08-11,c5ad5004-db07-446a-b753-44d7449b07be,105.7,51.3,18.225805880673697,19.891097462179513,Right Foot,0,0
3902239,2023-08-11,3a46f915-95f3-4f29-bc27-14e19f92208c,106.0,51.4,18.054362353736007,19.866660298663998,Left Foot,0,0
3902239,2023-08-11,f539776e-f4db-4198-a6ee-0eb4d18ee480,111.0,40.0,9.0,47.92497794915637,Left Foot,0,0
3902239,2023-08-11,56615c46-7cbd-46ea-b616-4e6c9a8aba57,110.9,40.2,9.102197536858881,47.43969800352804,Left Foot,0,0
3902239,2023-08-11,dd202025-c8b9-4c04-9bf8-485de0af639a,111.2,39.7,8.805112151472004,48.846357066214864,Left Foot,0,0
3902239,2023-08-11,5c4369f4-4d56-4707-89cc-a791e84aea12,114.6,40.3,5.40832691319599,72.94854449388298,Right Foot,0,1
3902239,2023-08-11,ea4774f2-da43-464d-8276-aa16cdc5024f,116.7,53.3,13.70328427786565,8.737139068396921,Right Foot,0,0
3902239,2023-08-11,168f6e86-0a8b-447c-a84c-260e51c4ebe0,85.3,39.7,34.70129680573912,13.150393138383278,Right Foot,0,0
3902239,2023-08-11,47fb3c87-b8eb-4f2d-ac3f-ab68133ed942,102.8,46.5,18.38722382525432,23.132647652752375,Right Foot,0,0
3902239,2023-08-11,e1c99b3f-3a40-49de-9143-716df575c42f,98.1,51.1,24.552392958732156,16.623432977494183,Right Foot,0,0
3902239,2023-08-11,d833039f-faa0-4dea-be29-f6ee62fc8b6b,102.5,50.3,20.30615670184784,19.454854435678833,Right Foot,0,0
3902239,2023-08-11,3c0844b0-867c-47d7-89fc-322f13321348,108.3,32.9,13.685759021698434,28.652625079312116,Head,1,0
3902239,2023-08-11,5a946b9f-b997-4fb2-b0ef-d9061dab1b4e,113.6,53.6,15.030635382444753,13.706961004079815,Right Foot,0,0
3902239,2023-08-11,9d823e30-9430-43d4-bb7c-55093784b4e1,107.4,50.4,16.337686494727453,21.886396983249856,Right Foot,0,0
3902239,2023-08-11,979fc2e2-b8b1-471c-8f3d-2d86b2250ecf,108.3,29.7,15.58781575462066,22.40983737149326,Left Foot,0,0
3902239,2023-08-11,7ffe684e-d71f-4bce-881b-d708bc1ed592,106.1,50.8,17.6025566324895,20.727863742342418,Left Foot,0,0
3902239,2023-08-11,fcf95af1-3015-4423-ae73-30e605078026,99.2,34.5,21.514878572745882,20.422872063108894,Right Foot,0,0
3902239,2023-08-11,9f024d0c-31fc-4876-af30-b396d22d1ce2,109.0,38.5,11.10180165558726,39.36931724236474,Head,1,0
3902239,2023-08-11,fcb8fa3a-dc9e-4082-9042-46ea90a6302a,112.2,38.0,8.052328855678956,51.949986619918114,Right Foot,0,1
3902239,2023-08-11,91daa494-86a4-4e35-81f5-3e436fd4df26,113.2,48.6,10.963576058932595,27.567842934545197,Right Foot,0,0
3902239,2023-08-11,3e4b7dbb-5c64-4138-9582-a574f8345963,106.2,26.4,19.375241933973367,17.0758390123205,Right Foot,0,0
3902239,2023-08-11,2354dea3-00b0-40d4-9f94-3f5b58e9723e,93.9,52.0,28.72646863086376,14.46840964590405,Right Foot,0,0
3901735,2023-08-07,b5f2a6ce-2a60-4ed0-a8fe-5c5bca119091,110.7,36.1,10.084641788382964,40.962708321130854,Head,1,0
3901735,2023-08-07,6977e22b-6c76-40f6-a786-fb5dc5f0be87,107.5,39.4,12.51439171514141,35.41994188034811,Head,1,0
3901735,2023-08-07,987c832f-446a-46d8-8757-41c2b1f75032,95.5,26.5,27.97320146139873,14.343621310432098,Left Foot,0,0
3901735,2023-08-07,c40464cc-3ed2-4d45-9d90-c340df2b1a67,99.5,23.6,26.25280937347468,13.691089928506821,Left Foot,0,0
3901735,2023-08-07,23054c9e-0a2e-4085-bfff-1902496b47e0,103.1,40.5,16.90739483184799,26.610893224039145,Left Foot,0,0
3901735,2023-08-07,979d4d77-91f6-41d4-9250-5a89bcdd880b,103.8,27.9,20.220039564748635,18.257563075389736,Right Foot,0,0
3901735,2023-08-07,ea8abf50-03c2-4616-bb6f-4aa9111ce678,92.9,38.9,27.12231553536681,16.765984374678485,Right Foot,0,0
3901735,2023-08-07,fb555443-3850-4e4c-864f-ed82b654a84b,107.3,34.5,13.83979768638256,30.061634541255057,Right Foot,0,0
3901735,2023-08-07,c3e86df0-9a3a-4dfb-ab34-1e3ad0a4fda5,110.3,44.0,10.492378186092992,39.51384357499568,Right Foot,0,0
3901735,2023-08-07,346ad958-c59f-42b8-8f50-bbaf7593ab22,109.9,45.1,11.314592347937237,35.80290288031516,Right Foot,0,0
3901735,2023-08-07,1ef00c17-590b-4f9a-be45-fac8037eeb14,107.6,42.7,12.690547663517133,34.36830645664522,Right Foot,0,0
3901735,2023-08-07,3ee603fc-cf86-4a92-8134-07725d3c97e3,113.3,41.0,6.774215821775981,60.85380978393193,Head,1,0
3901735,2023-08-07,d7ed62f6-a45d-4a96-b366-ed2114c44c37,97.1,43.6,23.18124241709232,19.360553979015187,Left Foot,0,0
3901735,2023-08-07,ae0d8db3-dcdf-4a89-9344-dd0a43f94d9d,101.1,45.0,19.550191814915788,22.434646483531022,Right Foot,0,0
3901735,2023-08-07,cd5af9fb-62c7-4a1c-a7c3-1e4cd188c0b1,113.0,49.2,11.560276813294744,25.455782360853885,Head,1,0
3901735,2023-08-07,e9a7c5eb-1fbf-4f82-880e-80407f40b52a,113.1,36.7,7.648529270389181,52.40633542791333,Head,1,0
3901735,2023-08-07,4572993e-0644-487e-96ef-0616aef8e764,112.0,44.9,9.381364506296512,41.62958821005952,Head,1,0
3901735,2023-08-07,f747a74e-9ed0-4ef6-81b7-7548b43b6524,109.6,37.9,10.609901036296245,40.74658268948242,Right Foot,0,0
3901735,2023-08-07,9ddf9a8f-e224-4f49-9d16-70c1345b593d,107.9,53.1,17.8331152634642,17.771100264166858,Left Foot,0,0
3901735,2023-08-07,e9e1cec2-73a4-46dd-a3aa-c8f6df72b581,111.7,37.9,8.561541917201595,49.20738946364552,Head,1,0
3901735,2023-08-07,c90f22fe-6b96-4d9c-ad90-bc4ffabdf999,112.8,44.0,8.236504112789603,48.012787504183336,Head,1,0
3901735,2023-08-07,a4be35ee-7724-4988-8d77-369c2f552116,119.3,34.8,5.246903848937965,25.905359211955407,Head,1,0
3901735,2023-08-07,16932a5c-c5e0-401e-852f-9fe7de6bfc72,106.3,31.1,16.337074401495517,23.59702483868684,Head,1,0
3901735,2023-08-07,a4ee8b32-f1dd-4941-9f70-bbf67d33159a,103.0,33.9,18.06128456118224,23.67325499771347,Right Foot,0,0
3901735,2023-08-07,141e185c-8a0d-4386-8ac6-81e5420fecb7,106.8,42.2,13.382077566656086,32.924467934456985,Head,1,0
3901735,2023-08-07,efa1d98a-b39e-4d31-9c46-1a63cb281352,111.4,36.5,9.284934033152842,44.41885994726714,Head,1,0
3901735,2023-08-07,0c51231c-6871-4d6c-a4eb-d437b1ee9b8c,114.0,28.8,12.705904139414873,18.264595173726754,Left Foot,0,0
3901735,2023-08-07,82e64ac9-17d2-477b-851d-fe933bed6ac1,99.8,37.1,20.40710660529807,21.976342841403657,Right Foot,0,0
3901735,2023-08-07,90f2d096-218e-44ca-ab30-fd336e9d075d,118.4,49.6,9.732420048477152,9.235559093165888,Right Foot,0,0
3901735,2023-08-07,443bc9dd-145c-4524-b958-7be059114c89,109.7,28.7,15.289865924853624,20.724812459068932,Left Foot,0,0
3901735,2023-08-07,cf76ec0b-60ed-46b5-a4b2-ff3b052bc479,109.9,41.3,10.183319694480767,42.6550734551583,Head,1,0
3893811,2023-07-28,e3932397-c0e2-4c9d-96fc-1f3ae78d4215,97.9,35.7,22.514439810930224,19.80672865805093,Right Foot,0,1
3893811,2023-07-28,1893a2d1-a9ca-44fe-b4a9-e4f89d0159b6,116.1,47.6,8.54224794770089,28.707610439372196,Right Foot,0,0
3893811,2023-07-28,e82a0654-6c3d-4074-950b-97287d31a53a,106.1,29.8,17.24093964956667,21.572741209255366,Right Foot,0,0
3893811,2023-07-28,51d41991-16e2-4a5f-bfda-23dd8aecff91,112.8,37.0,7.8000000000000025,52.100233247856075,Left Foot,0,0
3893811,2023-07-28,4bb65e59-64d3-4d9a-a4a8-334772abeb08,97.5,39.1,22.517992805754247,20.13061218052623,Right Foot,0,0
3893811,2023-07-28,683d9328-ab2c-4fa6-ae46-700c6b68941f,112.8,51.4,13.48332303254654,19.157559978705095,Right Foot,0,0
3893811,2023-07-28,7b370fd5-07c5-4621-bfcc-b1b502692851,105.4,53.6,19.952944644838762,16.996461020653022,Right Foot,0,0
3893811,2023-07-28,448aa072-b885-4497-9f0d-3288b3fea5f8,105.2,26.0,20.372530525194946,16.52626044736213,Right Foot,0,0
3893811,2023-07-28,bf673d59-ca9f-4cde-8dd6-31d266e94439,107.8,28.5,16.76573887426379,20.212538641555163,Head,1,0
3893811,2023-07-28,172c11e2-5ad7-4d99-b48b-0ee0d714b669,109.5,52.7,16.478470802838473,18.19650405494797,Right Foot,0,0
3893811,2023-07-28,a9668ea7-15a6-4e6a-83a0-07e1e2a42f1a,113.7,42.0,6.6098411478642936,61.215396815627486,Head,1,0
3893811,2023-07-28,a36fc364-059b-433e-bee0-d47697eb9416,110.2,38.6,9.899494936611662,43.71427566764119,Left Foot,0,0
3893811,2023-07-28,b5637e92-4048-4d11-b20e-52f06488d100,107.2,47.5,14.835430563350695,26.644725228614178,Right Foot,0,0
3893811,2023-07-28,c9c63482-e778-4784-a552-d381499e2613,110.5,46.9,11.741379816699569,31.950408235754242,Head,1,0
3893811,2023-07-28,64e8a198-29b9-4de8-9c9d-8c4e02d57bcb,105.6,52.0,18.744599222175975,18.958183405106194,Right Foot,0,0
3893811,2023-07-28,68d65752-d582-4c64-b172-7a6bee5d9e8a,111.7,41.8,8.492938243034619,49.79111648208949,Head,1,0
3893811,2023-07-28,60ce60d2-5d64-4d57-9945-d54bf2dcd62e,92.9,57.1,32.04403220570095,12.105363191510577,Right Foot,0,0
3893811,2023-07-28,51149c55-23a3-4406-b71e-4254ff0a4f8c,111.6,39.3,8.429116205154612,50.67578827025045,Head,1,0
3893812,2023-07-28,575e7bf4-9cf7-40ce-9c02-9a81aebf72db,112.7,46.9,10.044899203078144,34.52284120496159,Right Foot,0,0
3893812,2023-07-28,5f83dc4f-3632-4c47-88cf-d6f4d6c9dab9,106.1,41.3,13.96065901023301,31.864104649999856,Head,1,0
3893812,2023-07-28,369ef71f-c116-4ec8-96ca-a297c0ad6a04,88.4,35.2,31.962478001556757,14.111294034395062,Right Foot,0,0
3893812,2023-07-28,12c38d7b-fbce-4830-9c18-bdbb8bab900c,84.7,43.1,35.43585754571208,12.832828664349886,Right Foot,0,0
3893812,2023-07-28,cf6a08cb-6950-4a69-b77c-eaf0ba8f91b9,110.6,37.9,9.631718434422806,44.40809913940058,Left Foot,0,1
3893812,2023-07-28,66717af3-b8b1-479e-a3a1-ce725e602a28,114.2,28.9,12.523977004130916,18.233354524856615,Right Foot,0,0
3893812,2023-07-28,eea6b5c7-5db7-4060-8f59-cc432f148abd,100.1,33.0,21.09526013112899,20.35923133907709,Right Foot,0,0
3893812,2023-07-28,8245183c-b4e8-458e-bb40-3d79ba8e5129,91.7,47.2,29.20154105522515,15.14039082956704,Right Foot,0,0
3893812,2023-07-28,be860cd9-79da-4c59-a5d0-43c02e1d20d1,87.6,44.9,32.76842992882021,13.768669115822188,Right Foot,0,0
3893812,2023-07-28,8b99e748-0490-4baf-b60f-3bf8024440e3,106.0,24.9,20.591503102007877,15.349778017884297,Right Foot,0,0
3893812,2023-07-28,dfa662c2-d477-4839-9622-fac990496ce8,115.8,30.6,10.295630140987,20.472279519741935,Left Foot,0,0
3893812,2023-07-28,c13a7f88-8838-4908-957e-e3fe10d4f582,102.9,38.5,17.165663401103956,26.14738346978361,Right Foot,0,0
3893812,2023-07-28,96c9f792-d858-48bc-a51b-151126e64fa5,93.8,30.6,27.83522947633089,15.441516365553515,Right Foot,0,0
3893812,2023-07-28,ce67e793-3999-4beb-990c-fba6cc463d4b,112.7,43.4,8.052949770115292,50.08844171261752,Left Foot,0,0
3893812,2023-07-28,5a47bcd7-3aba-4753-9263-5fab5b89850b,109.0,44.3,11.81058846967415,35.473988022438824,Right Foot,0,0
3893812,2023-07-28,3470e689-8e92-4df3-95c2-94e9cb5005d2,108.4,45.2,12.712198865656559,32.5119142310515,Head,1,0
3893812,2023-07-28,603342fe-0be2-4ea6-898a-096aa4fa5e79,106.8,52.5,18.179383927955318,18.56111107784034,Right Foot,0,0
3893812,2023-07-28,8a50b155-1acc-40da-b0b4-257de2dbbd62,111.5,41.2,8.584287972802404,49.68931443825907,Head,1,0
3893812,2023-07-28,0511bb03-f8b8-4866-9c16-a00a07f9fdfc,91.6,38.7,28.429737951659003,16.001735324133232,Right Foot,0,0
3893812,2023-07-28,7835090c-7ebf-4998-a878-f488c31296ad,114.7,41.1,5.412947441089741,72.58444145853309,Right Foot,0,1
3893812,2023-07-28,0cc5bf9d-9e22-4529-b46e-56f343f8ed36,106.0,43.6,14.455448799674121,30.132215659861696,Left Foot,0,0
3893812,2023-07-28,439430bb-a1f1-4375-b65f-73292f41fb66,96.1,50.5,26.104788832702713,16.030419591693647,Right Foot,0,1
3893812,2023-07-28,581f38ad-2a54-4a83-a755-79dd58a66cbe,92.4,59.9,34.02601945570477,10.944981368049898,Right Foot,0,0
3893812,2023-07-28,c41ecc9a-7ff9-4a59-8356-84acf6c981b4,106.2,42.8,14.081193131265543,31.201680661266938,Head,1,1
3893812,2023-07-28,6ec06699-c9d1-4cb6-9ea7-227ff1653251,99.8,57.6,26.791789787171744,12.967185996801563,Left Foot,0,0
3893809,2023-07-27,dd8d69db-ba4c-4f33-9b60-8a8def0711ed,111.2,42.5,9.148223871331524,46.12427861198481,Head,1,0
3893809,2023-07-27,68cdcec9-421b-45db-84a6-f68d9463058c,109.9,56.3,19.175505208468426,12.938683656976854,Left Foot,0,0
3893809,2023-07-27,ae96b31e-b1a4-48eb-85c7-0b13d232293b,101.5,43.2,18.77471704180918,23.741562306614988,Right Foot,0,0
3893809,2023-07-27,ab3c323b-7397-431f-93df-56396ba257f0,103.7,23.8,22.981079173963955,14.285260235695542,Right Foot,0,0
3893809,2023-07-27,ebd311f1-bf46-4831-a7fc-2145f295dcc8,113.5,39.2,6.549045732013176,62.655819774418646,Head,1,0
3893809,2023-07-27,ce27a781-f660-462c-bc29-0c5285c87d18,86.9,46.5,33.73218048095912,13.280821706376118,Right Foot,0,0
3893809,2023-07-27,e3d20bc3-32b8-463e-95f5-9c754dfd21e9,116.7,35.2,5.824946351684276,55.81695992052504,Right Foot,0,0
3893809,2023-07-27,2beb1ed0-e8a9-4237-8fd5-b41d1dcef8ce,96.5,45.0,24.026027553467927,18.51912848382205,Left Foot,0,0
3893809,2023-07-27,bb5c79d6-73ea-4e7a-9aff-e69ace64d8bb,113.5,31.6,10.621205204683694,28.241783717416435,Left Foot,0,0
3893809,2023-07-27,d26e1945-ca12-41af-99b0-e6cc1b651895,110.2,30.6,13.579396157414362,24.964718332304546,Right Foot,0,0
3893809,2023-07-27,370a6f3a-26f7-454b-9228-03151673c08e,100.0,42.4,20.143485299222675,22.318592884957795,Right Foot,0,0
3893809,2023-07-27,f6b4d9bc-bec1-4f2c-b9fd-38e8594102f0,100.7,42.7,19.487944991712183,22.997938264798737,Right Foot,0,0
3893809,2023-07-27,fffc92f2-37c8-47a7-8411-6fb3a242e740,106.1,37.6,14.105672617780414,31.28913817305682,Right Foot,0,1
3893809,2023-07-27,7fe89f20-915e-40fa-866f-4cf2920da01e,104.3,21.1,24.570307283385773,12.063461010149021,Right Foot,0,0
3893809,2023-07-27,6bad801d-53fe-4ed5-a038-7a15abba8ba1,111.3,43.7,9.454099639838796,43.485609105085565,Left Foot,0,1
3893809,2023-07-27,b4bcef05-85eb-405a-a379-09667f5b01bb,103.2,61.0,26.89312179721796,10.759874925190886,Right Foot,0,0
3893809,2023-07-27,2c82c684-3401-40d8-b060-7bc27e59b8e6,90.8,49.2,30.61502898904393,14.228070855050825,Left Foot,0,0
3893809,2023-07-27,0033f89c-1e2e-48ca-a90c-8c9f2dc01e8d,95.9,44.6,24.535076930794403,18.212605740809714,Right Foot,0,0
3893809,2023-07-27,6b49e247-6f12-4963-9940-e30f2dc5242b,94.7,39.1,25.31600284405103,17.94671486644323,Right Foot,0,0
3893809,2023-07-27,83f8b3c9-1b67-4c07-87bc-a6590ed0cc23,101.0,19.0,28.319604517012593,10.944996138289568,Right Foot,0,0
3893809,2023-07-27,c06aa081-bc45-4890-9e55-470b79c8de3a,107.8,35.5,13.0034610777285,32.51887442011704,Head,1,0
3893809,2023-07-27,f2aeb972-52b3-4896-b293-1350214d4b31,110.6,37.0,9.867117106835213,42.74680607678084,Head,1,0
3893809,2023-07-27,316037ce-7b3a-4570-ae5b-f0b15863302c,104.0,25.2,21.795412361320444,15.580745676436822,Right Foot,0,0
3893809,2023-07-27,ea08f048-a645-4146-b2c6-1f81ef25b03a,92.2,37.2,27.940651388255066,16.21657626820311,Left Foot,0,0
3893809,2023-07-27,6be6751c-57c1-45c5-a677-b247f933b328,115.0,32.0,9.433981132056603,28.720326797869486,Head,1,0
3893809,2023-07-27,9eca1dc5-4eba-4158-9dfe-a0f8538be088,118.5,43.4,3.716180835212408,100.34265714047466,Head,1,1
3893809,2023-07-27,1b865006-06a9-4572-8ac9-9e685bd863ce,105.6,41.9,14.524806367039808,30.57714768837919,Head,1,0
3893809,2023-07-27,e27f1e92-fe75-4461-b13e-83592409772e,116.9,52.4,12.781627439414745,9.552455425245133,Right Foot,0,1
3893809,2023-07-27,cfb772d1-623d-4387-a1d3-f11143cf048b,114.9,40.5,5.124451190127577,75.88448189637448,Head,1,0
3893809,2023-07-27,1ef6b3c4-b8e4-43df-9bbd-4e9c4487ccc7,107.8,25.1,19.25746608461248,15.378690548824947,Right Foot,0,0
3893809,2023-07-27,6e949612-cf7e-4a2e-a216-07d5fe3c8447,102.0,38.2,18.089776118017603,24.828350812057604,Right Foot,0,0
3893809,2023-07-27,32d8b105-d6fc-4dae-b9fb-0c08bf655d30,97.9,44.8,22.6152603345617,19.6388046412392,Left Foot,0,0
3893809,2023-07-27,a00a1c04-da00-43f0-b7b8-3cba85119756,109.0,28.5,15.913830462839549,20.35066113572198,Right Foot,0,0
3893809,2023-07-27,2bbf07e0-197a-49ed-b694-5ab20c2d66cb,103.5,39.4,16.510905486980416,27.221257273072702,Right Foot,0,0
3893809,2023-07-27,e4360bd8-caaa-49d4-afad-2a56dd50a618,102.8,27.7,21.145448682872637,17.70106933810542,Right Foot,0,0
3893809,2023-07-27,cd809059-4c25-41e2-8840-6671a51643e7,114.3,52.0,13.284953895290718,15.86143089550978,Right Foot,0,0
3893809,2023-07-27,704a4a26-bfbc-45f9-afe0-713460cbe855,117.1,35.1,5.693856338194705,54.71071953228899,Head,1,0
3893809,2023-07-27,fcb64114-c0f5-4122-a164-9fe29522926c,115.8,43.2,5.280151512977638,70.52786070403329,Head,1,1
3893809,2023-07-27,9812395c-646c-45ba-b739-49beb9b872b7,112.6,53.1,15.04559736268388,15.71707685471223,Right Foot,0,0
3893809,2023-07-27,c9c68edf-5426-40df-b866-5db3f2975529,82.5,49.0,38.56488039654732,11.525082961339711,Right Foot,0,0
3893807,2023-07-26,acd657b9-3b93-4371-a0b3-5a8b267ac1fd,99.2,25.4,25.412595302329905,14.799971283644432,Right Foot,0,0
3893807,2023-07-26,bd1ececf-720b-41a7-8478-6e7b6cf2ad27,113.5,43.2,7.244998274671984,54.94147969387926,Left Foot,0,0
3893807,2023-07-26,db3cb8ae-38d8-43c9-a393-5657b6212626,116.3,44.2,5.597320787662616,62.620116785431556,Right Foot,0,0
3893807,2023-07-26,89e9a7f8-4139-4a11-9b7f-e3e923b792da,99.5,36.4,20.81369741300185,21.459164995078524,Right Foot,0,0
3893807,2023-07-26,485e84e9-b23e-492e-baae-3d38e7f6acac,97.1,48.6,24.461602564018577,17.46235771023554,Left Foot,0,0
3893807,2023-07-26,b938b236-0c62-4eea-9227-14bda068d36b,95.0,31.5,26.405491853021786,16.361077455346305,Left Foot,0,0
3893807,2023-07-26,f55dd28f-7252-4334-9d56-798afaa046e1,112.9,42.0,7.3763134423640055,55.932168671202646,Right Foot,0,0
3893807,2023-07-26,0ba3d040-7bd2-4d40-9413-11db5ff57bc3,102.3,41.2,17.740631330367027,25.36126187013163,Right Foot,0,0
3893807,2023-07-26,f6248927-f669-4565-9a0d-5c1590f0ac74,93.2,34.2,27.420430339438507,16.243579833291474,Right Foot,0,0
3893807,2023-07-26,6eacb9a9-a524-46e6-8dd2-33d8cc291973,93.3,29.6,28.653970056520965,14.85963215302612,Left Foot,0,0
3893807,2023-07-26,cea00163-b307-49a2-8323-a816c06a9720,111.8,24.3,17.712425017484197,12.42566290144728,Left Foot,0,0
3893807,2023-07-26,c05fbece-0d32-4115-8168-1c3cc845f8be,107.5,34.0,13.865424623862047,29.569531333267772,Right Foot,0,0
3893807,2023-07-26,aa50a903-9a19-40ae-8b70-09a97b2eda00,114.2,43.5,6.774215821775976,57.2111336020659,Head,1,0
3893807,2023-07-26,54ae394f-82f3-48d4-94db-f5888348d7f9,101.2,29.7,21.43665085781825,18.731679185664376,Right Foot,0,0
3893807,2023-07-26,d7ecbfd4-76b9-4616-8d08-206bc765f6a1,87.3,40.7,32.707491496597534,13.941789834515976,Right Foot,0,0
3893807,2023-07-26,afc0492c-1a57-4d94-8332-09e3defd9483,108.9,40.2,11.101801655587254,39.62380578082437,Left Foot,0,1
3893807,2023-07-26,2ec5b2fa-54f6-4d4b-a752-c5f442b23c50,101.9,56.9,24.763279265880755,13.628752175095645,Right Foot,0,0
3893807,2023-07-26,992b41a5-6cab-44e8-8a68-042672fa1bc1,105.5,46.7,15.97310239120754,25.876701942022645,Left Foot,0,0
3893807,2023-07-26,d763d11d-6c11-4c1d-97d5-7c9f4ac09b5f,113.6,37.6,6.83520299625403,59.03624346792646,Head,1,0
3893807,2023-07-26,59e5430a-3a64-42cf-b020-7ce4f8e73cd1,110.8,41.6,9.338094023943004,45.94956685643581,Left Foot,0,0
3893807,2023-07-26,78fa198b-7cb3-4c0e-9d38-bc1cb9b64db6,112.9,37.4,7.5610845782863665,54.064500585217644,Head,1,0
3893807,2023-07-26,a969b0c1-3b2f-48f9-8ecc-b9f5d69dfa3f,108.3,46.4,13.336041391657423,30.041363926279125,Head,1,0
3893807,2023-07-26,851c662e-3a27-42b1-9ecc-740466ab1348,85.7,39.8,34.3005830854229,13.302914503921343,Left Foot,0,0
3893807,2023-07-26,327fbdfc-9e61-44f9-b9df-9f94bbf2b432,104.5,50.3,18.610212250267324,20.574670452422673,Left Foot,0,0
3893807,2023-07-26,4b087635-1912-4808-abd2-217fa902e810,95.8,23.1,29.516944286290883,12.754886895835654,Left Foot,0,0
3893807,2023-07-26,653c8bfe-be9d-4688-b20d-7af8fe124dce,98.8,38.7,21.239821091525233,21.294273575577716,Right Foot,0,0
3893807,2023-07-26,8ad0cfa9-07b9-4384-aaff-64a75a099f1f,107.5,40.9,12.532358118087753,35.33352136927222,Right Foot,0,0
3893807,2023-07-26,ea302846-c346-426f-9b40-e106cf5b8cc7,109.5,41.6,10.621205204683696,40.947488495465436,Head,1,0
3893807,2023-07-26,9d8dc197-3254-4e8e-a830-c72d3dee0213,110.7,29.8,13.803260484392807,23.087957307308763,Head,1,0
3893807,2023-07-26,1b8425bd-4304-4f38-9e85-1b8958bd22a6,92.1,30.8,29.377712640707756,14.762040029331496,Right Foot,0,0
3893788,2023-07-20,206fd6bd-84dc-4dfe-9aa2-b88f1b66e05a,113.8,48.3,10.360019305001318,28.505744060110892,Head,1,0
3893788,2023-07-20,8a292b1c-bea2-45d5-83c2-3cc2115972f6,112.3,36.8,8.33846508657319,49.00957096598831,Head,1,0
3893788,2023-07-20,ae947398-c150-43b6-8af5-ddd9c3c92aa3,109.3,38.8,10.767079455451235,40.58334705945751,Head,1,0
3893788,2023-07-20,caa3bf6c-47ac-444f-b005-e3520a5d0a41,97.7,31.4,23.90083680543424,17.81204118604765,Right Foot,0,0
3893788,2023-07-20,5ba3bbe8-cd53-484f-930a-fe9346ca85ff,109.8,23.7,19.228364465029262,12.990003119400138,Left Foot,0,0
3893788,2023-07-20,74f6e3e0-9ed2-4027-91c9-f948fb91e589,87.5,23.6,36.40343390396021,11.232399425156867,Right Foot,0,0
3893788,2023-07-20,3592b533-b844-474c-91af-f19c92a5913f,101.1,38.1,18.995262567282406,23.676953418091884,Left Foot,0,0
3893788,2023-07-20,e1a15cfc-b0af-4f82-b732-e40fa2fb9beb,94.6,31.8,26.690822392725188,16.2665231665476,Right Foot,0,0
3893788,2023-07-20,12e8f110-bd14-44f9-ad29-c1fcbc54d123,96.6,48.3,24.82841114529885,17.31571224672461,Right Foot,0,0
3893788,2023-07-20,26c164f4-2cbd-43fd-9f97-bbbb0936c1af,115.4,47.9,9.141662868428256,28.573612364005005,Head,1,0
3893788,2023-07-20,ebc1e547-7215-4443-9055-3b634dd53854,104.2,51.6,19.601020381602584,18.946920228622012,Right Foot,0,0
3893788,2023-07-20,8519787b-840e-496c-8d2a-a806cc14fd33,110.8,32.1,12.12641744292188,29.31933763375403,Right Foot,0,0
3893788,2023-07-20,1430277e-9559-4ac2-bba0-97948f5833eb,106.4,46.7,15.160804727981951,26.965527736596485,Left Foot,0,0
3893788,2023-07-20,4b1d0ddb-2aa2-4521-9e45-059c25319493,106.0,38.9,14.043147795277239,31.718861083104038,Right Foot,0,0
3893788,2023-07-20,08e4faa7-ef50-48ab-bcc3-a193309a01de,105.6,43.5,14.819244245237345,29.50064048032551,Left Foot,0,0
3893788,2023-07-20,97777f2e-9345-40c6-96b9-e91150398c58,103.8,28.8,19.69466932954194,19.213421193045708,Right Foot,0,0
3893788,2023-07-20,3f2ea196-ad7e-4881-a18a-00896a31fdb9,94.5,42.5,25.622255950637914,17.666738112615388,Right Foot,0,0
3893788,2023-07-20,0a786eca-d09a-442a-8161-c3ccd18276c2,102.8,53.6,21.927152117865194,16.490929797985807,Right Foot,0,0
3893788,2023-07-20,f41f12ea-72c8-4d8d-ade2-21740e3f083f,108.7,44.1,12.020815280171306,35.126460982073105,Right Foot,0,0
3893788,2023-07-20,c56c3429-645f-4166-ac3c-f775d5fc5e50,112.2,38.5,7.942921376924233,52.96006395491273,Head,1,0
3893789,2023-07-21,972bdc45-0a0a-476d-a67e-b0e81012e8d2,107.4,38.3,12.714165328483025,34.68594741816773,Head,1,0
3893789,2023-07-21,2a7e9a56-805f-44fe-884c-2c0f5351fc47,91.0,42.6,29.11631844859511,15.585201164311481,Right Foot,0,0
3893789,2023-07-21,88b2b72b-d0f1-423b-805a-3f343f0b0783,105.4,44.9,15.400324671902206,27.83855916022153,Right Foot,0,0
3893789,2023-07-21,e6d866db-d08c-4fe5-ad06-c8dd3bfddf4d,103.0,34.1,17.99472144824698,23.837327693024513,Right Foot,0,0
3893789,2023-07-21,dc170b8a-7121-4fbc-bdaa-8cbd1331984a,90.2,31.0,31.129407318482627,14.044164751976808,Right Foot,0,0
3893789,2023-07-21,0a447fac-e1e9-4275-ad26-f962d5a9871e,115.6,47.7,8.86848352312841,29.329522604594132,Right Foot,0,0
3893789,2023-07-21,35b3cad2-0357-4646-8e29-4cfe6cac5462,97.3,26.4,26.462237244798487,14.863643327346175,Right Foot,0,0
3893789,2023-07-21,5463d059-5c55-462e-9b28-6642a5ee9a22,102.3,52.7,21.784857125994655,17.159603960136387,Right Foot,0,0
3893789,2023-07-21,cb1b1623-d2f4-477b-a19b-9b6b084c0976,111.8,41.7,8.374365647617738,50.472172174465676,Left Foot,0,0
3893789,2023-07-21,cee8962b-cf65-408e-962d-e435b0849a85,107.4,39.5,12.609916732476858,35.177935054807584,Head,1,0
3893789,2023-07-21,9803c918-23bf-400f-9cbd-459e51cebc6e,105.3,40.9,14.727525250360296,30.34324888423957,Left Foot,0,0
3893789,2023-07-21,d11ab410-fa5c-4664-b3e7-e6fb9831be43,112.6,44.3,8.558621384311849,45.95935018277669,Head,1,0
3893789,2023-07-21,7bf3ddb0-ec52-4c92-8164-fef5a1d19999,95.0,28.7,27.43519637254306,15.188827868787444,Right Foot,0,0
3893789,2023-07-21,37f57748-c4fc-42b4-a6bf-3eccd5fb67b6,111.1,36.1,9.716995420396167,42.23730195918065,Right Foot,0,0
3893789,2023-07-21,bfbbd0e7-efc8-4f3e-958c-ebc2f0c8f3c5,115.0,40.1,5.000999900019995,77.30598350139725,Right Foot,0,0
3893789,2023-07-21,fbaeca4a-a3a1-4873-a8e7-733c6da79e20,115.3,38.3,4.997999599839924,76.56768014107615,Right Foot,0,1
3893789,2023-07-21,2bcf46aa-920d-4f0e-8809-3c5d87548b61,112.7,32.4,10.538026380684382,31.56712586310629,Head,1,0
3893789,2023-07-21,c13bee7f-6509-4f73-9123-fed7a2fe0fdc,113.4,26.7,14.847558721890948,14.48046442182342,Left Foot,0,0
3893789,2023-07-21,59e5c837-96a4-4e58-a973-fa96d4bd4ada,91.7,34.3,28.868321738542402,15.481803185601544,Right Foot,0,0
3893789,2023-07-21,deefbb4f-d6fa-440e-b20e-90d6a644fc81,109.4,57.4,20.37449385874407,11.995113708044812,Right Foot,0,0
3893794,2023-07-22,1bb408d3-ff5d-4d3c-be75-5918c405a9f7,113.2,44.2,7.992496481075233,48.64747456376327,Head,1,0
3893794,2023-07-22,0cf1843b-b616-4cf2-89b7-7daafb389589,92.8,35.3,27.603079538341373,16.26282977285236,Left Foot,0,0
3893794,2023-07-22,120105f5-9f07-42dd-a3cf-7ae121f0043d,104.6,31.8,17.447062790051515,23.131420814627464,Right Foot,0,0
3893794,2023-07-22,294b5e92-e30c-42fa-8a88-6cf5b4e02682,102.9,38.8,17.14205355259398,26.213420843841654,Left Foot,0,0
3893794,2023-07-22,a46d35ee-dbc3-4e4d-a8a6-dba9e2929530,105.8,29.7,17.542234749312872,21.275996239827943,Left Foot,0,0
3893794,2023-07-22,c4fb164b-66ca-489f-8e4a-7fa136272adf,115.3,22.6,18.023595645708433,6.9411423887389025,Left Foot,0,0
3893794,2023-07-22,6eb44c9a-61ef-4a5e-aa09-0267f8f4cb41,109.7,36.5,10.878419002777928,38.83960186092057,Other,0,0
3893794,2023-07-22,584938c4-bac9-4acf-aa44-7583d7257c14,112.6,39.5,7.416872656315469,56.61700729746508,Head,1,0
3893794,2023-07-22,36eacd03-c37d-4a92-9944-26f6493536d2,113.1,58.4,19.651208614230324,8.481486255653554,Right Foot,0,0
3893794,2023-07-22,3d1c61eb-ba8f-4788-b7c1-cbf43dd965d0,110.0,40.1,10.000499987500625,43.59941277752284,Head,1,0
3893794,2023-07-22,1881aef1-ac16-479f-bfb6-a553f85724b0,92.7,36.7,27.498727243274367,16.439398952871166,Right Foot,0,0
3893794,2023-07-22,6df4f2b7-8205-4aec-8571-bceb04b22b66,102.1,25.6,22.973245308401687,15.632321083174707,Right Foot,0,0
3893794,2023-07-22,8f709a76-406e-4978-8e41-7acdd5b7209c,83.9,28.2,37.9795997872542,11.445430692720981,Right Foot,0,0
3893794,2023-07-22,62b34d01-bb7a-4925-a6d0-170e7d5081ac,107.9,28.3,16.831518053936783,19.907343551825335,Right Foot,0,0
3893794,2023-07-22,f0c4876c-7e53-4917-bf5f-9231f1ce7d52,107.1,48.3,15.339491516996256,25.20112364547507,Right Foot,0,0
3893794,2023-07-22,7ee43b90-04aa-4b5e-a008-9c60f76b920a,108.6,51.0,15.841717078650285,21.21378107011185,Right Foot,0,0
3893794,2023-07-22,032643cf-9dee-4b97-920d-13b4bf79b568,110.9,38.2,9.276313923105443,46.10286267889285,Head,1,0
3893794,2023-07-22,5f6f0cfd-55b6-4f7d-adce-b100f01e6faf,109.3,39.8,10.701868995647445,40.98316244947376,Left Foot,0,0
3893794,2023-07-22,71d3dbcf-93c1-4a93-b076-bdd01889fbb8,99.0,44.0,21.37755832643195,20.854458039578347,Left Foot,0,0
3893794,2023-07-22,16a5ad2f-7f8b-4393-9adf-d373a5be4ea8,114.8,39.3,5.246903848937965,74.50857057769873,Head,1,0
3893794,2023-07-22,759f2174-0559-431c-9d3f-6ce894968292,111.0,55.3,17.750774630984417,13.535286323934786,Left Foot,0,0
3893794,2023-07-22,db5ab5e3-e11f-441f-ac7c-d05499ead212,108.6,31.3,14.340502083260548,25.682242401619717,Right Foot,0,0
3893794,2023-07-22,820bea54-38c8-4f62-ab82-25060ad715af,110.4,42.0,9.806120537705004,43.77367214010416,Head,1,0
3893794,2023-07-22,76b8de5b-3e9d-44e2-a0a2-919a1db6d435,96.1,43.9,24.21611034001952,18.530719776930855,Left Foot,0,0
3893794,2023-07-22,3d10a896-bbda-4c66-bd8c-be6a3f51d695,99.0,45.3,21.658485634965338,20.344138729441042,Right Foot,0,0
3893794,2023-07-22,c9424e60-ea70-4002-9070-092314477fd8,92.3,44.1,28.00178565734693,16.093067646086944,Right Foot,0,0
3893792,2023-07-22,1c039b6d-e0df-4916-bc9f-dec616dd131e,110.1,43.0,10.344563789740006,41.03090062751138,Right Foot,0,0
3893792,2023-07-22,db4a035a-c12a-43df-9577-6aa73fc816c5,98.9,52.4,24.473863609981972,16.14846718936492,Right Foot,0,0
3893792,2023-07-22,e9865df6-7126-4498-8160-b6e1a4ac572b,108.6,34.8,12.529964086141675,32.89513249790965,Head,1,0
3893792,2023-07-22,ea7fd19a-cc83-4197-91c4-9d0a9679a477,111.1,29.3,13.917614738165447,21.834756526633267,Left Foot,0,1
3893792,2023-07-22,4824eb15-a0f7-423e-a5a4-ba33666d00ea,108.7,48.9,14.384018909887455,25.339724731634025,Right Foot,0,0
3893792,2023-07-22,63857c0a-f8db-4de3-84d7-5a286296e590,113.5,46.5,9.192388155425117,37.203008889765385,Right Foot,0,0
3893792,2023-07-22,960d0a57-cab1-4e70-8fb6-a5983fc99ece,96.7,54.0,27.182531155137113,14.458979157095966,Right Foot,0,0
3893792,2023-07-22,38a152ae-1df2-4492-be87-35f218c29e8a,108.2,56.4,20.20396000787964,13.533299206790453,Right Foot,0,0
3893792,2023-07-22,92830849-1725-4e59-b136-7317b87bb422,113.1,25.0,16.51090548698042,12.140037037239148,Left Foot,0,0
3893792,2023-07-22,28b5f25b-78c7-479f-ac74-f03e571e75bd,103.5,29.2,19.720294115453754,19.493545250873897,Right Foot,0,0
3893792,2023-07-22,5601b5a1-a419-439e-bf78-8cd7380f8bb2,107.8,34.1,13.551752654177246,30.206476106857803,Right Foot,0,0
3893792,2023-07-22,c73c21a1-2576-444b-be3a-ee3961c6133c,113.5,48.0,10.307764064044152,29.94956912938775,Head,1,0
3893792,2023-07-22,b453a7c3-b3b7-4311-b4f2-becc24f8294c,109.8,42.7,10.551303237041388,40.56266527776872,Right Foot,0,0
3893792,2023-07-22,d32be411-2d03-4446-87d7-b15d2807f973,109.1,47.5,13.2310241478126,28.732469448209883,Right Foot,0,0
3893792,2023-07-22,f946a4d8-c29d-4b3f-9e03-3fac36e7195e,114.3,39.6,5.714017850864664,69.94126551316091,Right Foot,0,0
3893792,2023-07-22,003d4ff2-8089-483f-b0dc-7dee7028d4ad,104.0,26.9,20.678733036624852,17.274334442731444,Left Foot,0,1
3893792,2023-07-22,4cb12925-5ef5-44a9-9d8f-f90a709e1284,108.8,35.7,11.997082978791138,35.00674610012867,Right Foot,0,0
3893792,2023-07-22,d4cf0a34-6a5f-425a-bb5c-510341a0641f,115.8,35.0,6.529931086925805,51.590608768148876,Head,1,0
3893792,2023-07-22,91c87bf2-4c90-44de-b341-e2c6af391a5a,107.5,35.5,13.285330255586423,31.92509208979887,Right Foot,0,0
3893792,2023-07-22,9e5850d9-5d6a-4920-b0f9-90cefa1663e4,113.8,32.5,9.730878685915267,32.22411318453434,Head,1,0
3893792,2023-07-22,35985cdb-f5ab-475f-99c6-bc5d80ad7d5f,111.8,21.9,19.870832896484234,9.823677466356518,Right Foot,0,0
3893792,2023-07-22,2d657ced-1d93-4f46-8305-7e18473df9bb,113.4,46.0,8.919641248391098,39.71679004965793,Left Foot,0,0
3893792,2023-07-22,79c44c45-66dd-4433-a3de-796e3aec8c0d,112.7,32.1,10.756393447619882,30.3599492366752,Right Foot,0,0
3893792,2023-07-22,7d729284-1885-4559-8f8c-d163a1a9c949,106.3,41.5,13.781872151489436,32.21512490573009,Right Foot,0,1
3893792,2023-07-22,55b89196-1ac0-4d2a-9da6-b7693b72ca0b,116.4,31.3,9.415412895885126,21.624424155564164,Right Foot,0,0
3893792,2023-07-22,77f0ce7f-b01a-4f8c-b0cc-0d73b0794909,105.9,49.5,17.001764614298125,22.445325136059047,Right Foot,0,0
3893792,2023-07-22,bea8032a-2695-4079-80fa-c0d9a553bc36,103.5,34.9,17.270205557549104,25.06332638799245,Right Foot,0,0
3893828,2023-08-01,9e39fcb1-7b2f-449e-89cf-47323743350b,105.6,32.1,16.42467655693713,24.415880876675462,Right Foot,0,1
3893828,2023-08-01,6f9fac40-cd4b-4655-b4a0-ca17a83f8acb,107.8,42.4,12.433824833895645,35.152620745077634,Right Foot,0,0
3893828,2023-08-01,fe5cb36c-21b5-4d2b-9547-93afe9684566,103.5,45.3,17.33032025093593,24.902282197126635,Left Foot,0,1
3893828,2023-08-01,b42d70f9-084e-49cc-a633-d23c43c9526b,107.4,43.7,13.132021931142207,32.79349314644144,Head,1,0
3893828,2023-08-01,fc7feea4-6dac-479d-bad9-7f2935d8e78d,111.1,35.8,9.84123975929863,41.36853858440509,Left Foot,0,0
3893828,2023-08-01,f214d5a5-c3d4-4909-b888-0a1c4b11ebc6,113.1,48.8,11.182575731914362,26.84806864230472,Head,1,0
3893828,2023-08-01,62a6a52a-ee85-42cf-a652-ac86489e88b8,105.9,40.7,14.117365193264636,31.607502246248913,Right Foot,0,0
3893828,2023-08-01,866cfc54-fcc8-4a08-a1d9-5a49ca33613e,100.1,44.9,20.494389476146885,21.506419069426425,Right Foot,0,1
3893828,2023-08-01,86614cc5-d777-4ee5-8b8e-eb367f9c9eb9,113.7,45.4,8.297590011563596,43.64069421393141,Left Foot,0,0
3893828,2023-08-01,c7a5b9c3-e84a-4091-a412-194a4aa95b45,87.4,40.0,32.599999999999994,13.990384594516,Right Foot,0,0
3893828,2023-08-01,2e3fa28d-a592-4aa4-bdee-d48b3fce7b0f,115.1,31.5,9.81121806912883,26.031468816691618,Right Foot,0,0
3893828,2023-08-01,6e87a430-bc28-4926-94bc-4eae92a78824,86.8,31.8,34.197660738711356,12.966897781495504,Right Foot,0,0
3893828,2023-08-01,dd7ffca5-b8a3-4654-b253-d6232e5c64bd,111.1,29.7,13.612494260788509,22.809442350602165,Left Foot,0,1
3893828,2023-08-01,4c51d7ac-f797-4347-92ad-a33384e540f0,107.2,42.2,12.987686476043374,33.849116411853196,Right Foot,0,0
3893828,2023-08-01,3f55820e-4a23-4e1d-a22a-650b516f9f77,109.7,42.0,10.492378186092987,41.21048936355663,Head,1,0
3893828,2023-08-01,5d4a37a4-f999-4661-959c-3091f7dbfeeb,109.3,55.0,18.425254408012933,14.821562947486708,Right Foot,0,1
3893828,2023-08-01,48596c6c-fe2c-4be6-a3fd-68fe6c9eac26,98.5,26.6,25.33396929026322,15.367930673573952,Left Foot,0,0
3893828,2023-08-01,85a89e64-e2ca-4c0f-bbf7-88e8c98e497f,110.2,41.5,9.914131328563283,43.61324874474509,Right Foot,0,0
3893828,2023-08-01,4fd129c1-dbf9-4c68-9cb0-affb53b64d96,114.7,35.0,7.286288492778746,48.82172919752163,Right Foot,0,1
3893828,2023-08-01,cd6eaf3e-dcdd-4364-9a6b-0b96a7a79707,101.9,31.7,19.91230775173987,20.834417762936887,Right Foot,0,0
3893828,2023-08-01,962c8374-7bdb-475a-a187-ee10ec815b11,97.6,31.5,23.95850579648072,17.80396422633921,Right Foot,0,0
3893828,2023-08-01,bbe23387-74ac-4c92-bbcc-ea2854848609,102.9,31.3,19.18593234638337,21.23244203035143,Right Foot,0,0
3893828,2023-08-01,688c917b-097d-4a7b-a69e-456c07667d8a,93.0,34.0,27.65863337187866,16.086742030604103,Right Foot,0,0
3893803,2023-07-25,113bc870-3fa8-4200-826c-14eee62293d6,102.8,40.1,17.20029069521792,26.18297541982271,Right Foot,0,0
3893803,2023-07-25,59acc4b0-28d5-443b-bb9a-8b03a416a6a8,105.8,36.5,14.624978632463026,29.85824994458091,Head,1,0
3893803,2023-07-25,17d9cb2d-374a-42f4-a08a-d880c27d9a59,114.8,37.2,5.905929224093361,65.58926016050795,Right Foot,0,0
3893803,2023-07-25,b4c634a2-991a-4904-b45d-d9ae27258533,106.7,47.7,15.368148880070104,25.791737151401144,Right Foot,0,0
3893803,2023-07-25,838456e4-3309-4aaa-99e7-fb0042dd19cc,89.1,47.7,31.84493680320312,13.910559465945108,Left Foot,0,0
3893803,2023-07-25,bce91687-f9ad-41d1-a01a-e569c28fd931,114.9,39.8,5.103920062069933,76.1621826808197,Head,1,1
3893803,2023-07-25,2fa02833-46aa-4f5c-b2d1-ce8150a6a7f2,114.7,51.4,12.571793825862716,16.619651388666068,Right Foot,0,0
3893803,2023-07-25,10803c2a-492f-49ea-812a-08931ab380ab,103.8,39.3,16.215116404145856,27.69251480076667,Right Foot,0,0
3893803,2023-07-25,5fefa5bd-3453-4521-9c43-5f34151d7d93,100.5,34.3,20.316003544004417,21.464981280776243,Left Foot,0,0
3893803,2023-07-25,29bc11b0-3285-451a-8695-ca6775008f09,96.7,45.4,23.91756676587315,18.532267057482414,Right Foot,0,0
3893803,2023-07-25,de76a08b-c974-4f31-8a0a-2ffee079977f,94.7,37.6,25.413579047430527,17.814619131296855,Left Foot,0,0
3893803,2023-07-25,df2a1480-63c0-4bed-b2c3-d262d7dd8a00,113.9,41.2,6.2169124169478165,65.10213076492303,Head,1,0
3893803,2023-07-25,85aa7bdd-9390-4a13-b65b-e245eecbb97a,101.7,41.7,18.37879212570837,24.464074657777378,Right Foot,0,0
3893803,2023-07-25,25d72a00-3f12-4888-b5da-7b521697f2b3,110.4,43.1,10.088111815399346,41.84183711310485,Head,1,0
3893803,2023-07-25,08c1b99e-a3c4-413e-be15-1dc443375372,99.0,27.4,24.489997958350262,16.05526303282712,Left Foot,0,0
3893803,2023-07-25,092e8835-3b24-4e8f-8d04-c7c70107e6d5,101.1,18.3,28.776726707532255,10.546795699324102,Left Foot,0,0
3893803,2023-07-25,3f2b7c0f-182f-46b4-9388-4b77506e3ac2,94.3,31.1,27.197426348829406,15.859616009925816,Right Foot,0,0
3893803,2023-07-25,bfa19769-9b73-48eb-b046-63a7bb60e02b,114.5,40.5,5.522680508593631,71.76059915334885,Head,1,0
3893803,2023-07-25,99f9338b-3f89-4067-bcca-409f61e70762,106.9,44.2,13.7568164921976,31.170003947612905,Head,1,0
3893803,2023-07-25,c0d1c155-3a5b-4c79-8b51-0d96f4f26f0c,110.4,32.5,12.182364302548168,30.11444548704109,Right Foot,0,0
3893803,2023-07-25,90306822-63ff-4385-bf2a-0941986fb425,112.4,39.2,7.641989269817114,55.10929849249521,Right Foot,0,0
3893803,2023-07-25,841522fa-3082-445b-8794-2338a7244ab9,77.3,42.8,42.791704803618195,10.658167670177017,Right Foot,0,0
